256
732
1
1
1
1
1
1
1
1
1
1
1
1
1
1
1
1
1
1
1
1
1
1
1
1
1
1
1
1
1
1
1
1
1
1
1
1
1
1
1
1
1
1
1
1
1
1
1
1
1
1
1
1
1
1
1
1
1
1
1
1
1
1
1
1
1
1
1
1
1
1
1
1
1
1
1
1
1
1
1
1
1
1
1
1
1
1
1
1
1
1
1
1
1
1
1
1
1
1
1
1
1
1
1
1
1
1
1
1
1
1
1
1
1
1
1
1
1
1
1
1
1
1
1
1
1
1
1
1
1
1
1
1
1
1
1
1
1
1
1
1
1
1
1
1
1
1
1
1
1
1
1
1
1
1
1
1
1
1
1
1
1
1
1
1
1
1
1
1
1
1
1
1
1
1
1
1
1
1
1
1
1
1
1
1
1
1
1
1
1
1
1
1
1
1
1
1
1
1
1
1
1
1
1
1
1
1
1
1
1
1
1
1
1
1
1
1
1
1
1
1
1
1
1
1
1
1
1
1
1
1
1
1
1
1
1
1
1
1
1
1
1
1
1
1
1
1
1
1
1
1
1
1
1
1
1
1
4 0 57 (1760.000000 512.000000 1264.000000) (1760.000000 512.000000 1296.000000) (784.000000 512.000000 1296.000000) (784.000000 512.000000 1264.000000) 
4 0 4 (784.000000 512.000000 1264.000000) (784.000000 512.000000 1296.000000) (784.000000 2688.000000 1296.000000) (784.000000 2688.000000 1264.000000) 
4 0 2 (784.000000 2656.000000 1264.000000) (784.000000 2688.000000 1264.000000) (1719.510000 2688.000000 1264.000000) (1719.510000 2656.000000 1264.000000) 
4 0 1 (1719.510000 2688.000000 1264.000000) (1760.000000 2688.000000 1264.000000) (1760.000000 512.000000 1264.000000) (1719.510000 512.000000 1264.000000) 
4 1 250 (1760.000000 512.000000 -32.000000) (1719.510000 512.000000 -32.000000) (1719.510000 2688.000000 -32.000000) (1760.000000 2688.000000 -32.000000) 
4 1 75 (1719.510000 512.000000 -32.000000) (1760.000000 512.000000 -32.000000) (1760.000000 512.000000 544.000000) (1719.510000 512.000000 544.000000) 
4 1 58 (1760.000000 512.000000 544.000000) (1760.000000 512.000000 1264.000000) (1719.510000 512.000000 1264.000000) (1719.510000 512.000000 544.000000) 
4 1 2 (1719.510000 2688.000000 1264.000000) (1719.510000 2688.000000 -32.000000) (1719.510000 2656.000000 -32.000000) (1719.510000 2656.000000 1264.000000) 
4 2 251 (784.000000 2656.000000 -32.000000) (784.000000 2688.000000 -32.000000) (1719.510000 2688.000000 -32.000000) (1719.510000 2656.000000 -32.000000) 
4 2 7 (784.000000 2688.000000 -32.000000) (784.000000 2656.000000 -32.000000) (784.000000 2656.000000 800.000000) (784.000000 2688.000000 800.000000) 
4 2 5 (784.000000 2656.000000 800.000000) (784.000000 2656.000000 1264.000000) (784.000000 2688.000000 1264.000000) (784.000000 2688.000000 800.000000) 
4 3 252 (1719.510000 512.000000 -32.000000) (784.000000 512.000000 -32.000000) (784.000000 2656.000000 -32.000000) (1719.510000 2656.000000 -32.000000) 
4 3 76 (784.000000 512.000000 -32.000000) (1719.510000 512.000000 -32.000000) (1719.510000 512.000000 544.000000) (784.000000 512.000000 544.000000) 
4 3 59 (1719.510000 512.000000 544.000000) (1719.510000 512.000000 1264.000000) (784.000000 512.000000 1264.000000) (784.000000 512.000000 544.000000) 
4 3 10 (784.000000 528.000000 -32.000000) (784.000000 512.000000 -32.000000) (784.000000 512.000000 0.000000) (784.000000 528.000000 0.000000) 
4 3 8 (784.000000 2656.000000 -32.000000) (784.000000 528.000000 -32.000000) (784.000000 528.000000 800.000000) (784.000000 2656.000000 800.000000) 
4 3 6 (784.000000 512.000000 800.000000) (784.000000 512.000000 1264.000000) (784.000000 2656.000000 1264.000000) (784.000000 2656.000000 800.000000) 
4 4 61 (768.000000 512.000000 1296.000000) (0.000000 512.000000 1296.000000) (0.000000 512.000000 1264.000000) (768.000000 512.000000 1264.000000) 
4 4 57 (784.000000 512.000000 1264.000000) (784.000000 512.000000 1296.000000) (768.000000 512.000000 1296.000000) (768.000000 512.000000 1264.000000) 
4 4 11 (0.000000 512.000000 1264.000000) (0.000000 512.000000 1296.000000) (0.000000 2688.000000 1296.000000) (0.000000 2688.000000 1264.000000) 
4 4 5 (0.000000 2656.000000 1264.000000) (0.000000 2688.000000 1264.000000) (784.000000 2688.000000 1264.000000) (784.000000 2656.000000 1264.000000) 
4 5 12 (0.000000 2688.000000 800.000000) (0.000000 2656.000000 800.000000) (0.000000 2656.000000 1264.000000) (0.000000 2688.000000 1264.000000) 
4 5 7 (0.000000 2656.000000 800.000000) (0.000000 2688.000000 800.000000) (784.000000 2688.000000 800.000000) (784.000000 2656.000000 800.000000) 
5 6 62 (768.000000 512.000000 1264.000000) (0.000000 512.000000 1264.000000) (0.000000 512.000000 800.000000) (647.384615 512.000000 800.000000) (768.000000 512.000000 832.000000) 
4 6 60 (784.000000 512.000000 800.000000) (784.000000 512.000000 1264.000000) (768.000000 512.000000 1264.000000) (768.000000 512.000000 800.000000) 
4 6 14 (0.000000 528.000000 800.000000) (0.000000 512.000000 800.000000) (0.000000 512.000000 1264.000000) (0.000000 528.000000 1264.000000) 
4 6 13 (0.000000 2656.000000 800.000000) (0.000000 528.000000 800.000000) (0.000000 528.000000 1264.000000) (0.000000 2656.000000 1264.000000) 
4 6 9 (0.000000 512.000000 800.000000) (0.000000 528.000000 800.000000) (768.000000 528.000000 800.000000) (768.000000 512.000000 800.000000) 
4 6 8 (0.000000 528.000000 800.000000) (0.000000 2656.000000 800.000000) (784.000000 2656.000000 800.000000) (784.000000 528.000000 800.000000) 
4 7 251 (784.000000 2688.000000 -32.000000) (784.000000 2656.000000 -32.000000) (0.000000 2656.000000 -32.000000) (0.000000 2688.000000 -32.000000) 
4 7 15 (0.000000 2688.000000 -32.000000) (0.000000 2656.000000 -32.000000) (0.000000 2656.000000 592.000000) (0.000000 2688.000000 592.000000) 
4 7 12 (0.000000 2656.000000 592.000000) (0.000000 2656.000000 800.000000) (0.000000 2688.000000 800.000000) (0.000000 2688.000000 592.000000) 
4 8 252 (784.000000 2656.000000 -32.000000) (784.000000 528.000000 -32.000000) (0.000000 528.000000 -32.000000) (0.000000 2656.000000 -32.000000) 
4 8 24 (0.000000 528.000000 48.000000) (0.000000 528.000000 592.000000) (0.000000 624.000000 592.000000) (0.000000 624.000000 72.000000) 
4 8 25 (0.000000 624.000000 -32.000000) (0.000000 528.000000 -32.000000) (0.000000 528.000000 0.000000) (0.000000 624.000000 24.000000) 
4 8 19 (0.000000 624.000000 88.000000) (0.000000 624.000000 592.000000) (0.000000 672.000000 592.000000) (0.000000 672.000000 88.000000) 
4 8 20 (0.000000 672.000000 -32.000000) (0.000000 624.000000 -32.000000) (0.000000 624.000000 24.000000) (0.000000 672.000000 24.000000) 
4 8 18 (0.000000 688.000000 -32.000000) (0.000000 672.000000 -32.000000) (0.000000 672.000000 24.000000) (0.000000 688.000000 24.000000) 
4 8 17 (0.000000 672.000000 88.000000) (0.000000 672.000000 592.000000) (0.000000 688.000000 592.000000) (0.000000 688.000000 88.000000) 
4 8 16 (0.000000 2656.000000 -32.000000) (0.000000 688.000000 -32.000000) (0.000000 688.000000 592.000000) (0.000000 2656.000000 592.000000) 
4 8 13 (0.000000 528.000000 592.000000) (0.000000 528.000000 800.000000) (0.000000 2656.000000 800.000000) (0.000000 2656.000000 592.000000) 
3 8 9 (768.000000 528.000000 800.000000) (0.000000 528.000000 800.000000) (0.000000 528.000000 596.244898) 
4 8 10 (0.000000 528.000000 -32.000000) (784.000000 528.000000 -32.000000) (784.000000 528.000000 0.000000) (0.000000 528.000000 0.000000) 
3 9 62 (647.384615 512.000000 800.000000) (0.000000 512.000000 800.000000) (0.000000 512.000000 628.244898) 
4 9 14 (0.000000 512.000000 596.244898) (0.000000 512.000000 800.000000) (0.000000 528.000000 800.000000) (0.000000 528.000000 596.244898) 
4 10 252 (784.000000 528.000000 -32.000000) (784.000000 512.000000 -32.000000) (0.000000 512.000000 -32.000000) (0.000000 528.000000 -32.000000) 
4 10 77 (768.000000 512.000000 -32.000000) (784.000000 512.000000 -32.000000) (784.000000 512.000000 0.000000) (768.000000 512.000000 0.000000) 
4 10 35 (0.000000 528.000000 -32.000000) (0.000000 512.000000 -32.000000) (0.000000 512.000000 0.000000) (0.000000 528.000000 0.000000) 
4 11 158 (-1536.000000 512.000000 1264.000000) (-1536.000000 512.000000 1296.000000) (-1536.000000 1024.000000 1296.000000) (-1536.000000 1024.000000 1264.000000) 
4 11 155 (-1536.000000 1024.000000 1296.000000) (-1536.000000 2656.000000 1296.000000) (-1536.000000 2656.000000 1264.000000) (-1536.000000 1024.000000 1264.000000) 
4 11 154 (-1536.000000 2656.000000 1296.000000) (-1536.000000 2688.000000 1296.000000) (-1536.000000 2688.000000 1264.000000) (-1536.000000 2656.000000 1264.000000) 
4 11 61 (0.000000 512.000000 1264.000000) (0.000000 512.000000 1296.000000) (-1536.000000 512.000000 1296.000000) (-1536.000000 512.000000 1264.000000) 
4 11 12 (0.000000 2688.000000 1264.000000) (0.000000 2656.000000 1264.000000) (-1536.000000 2656.000000 1264.000000) (-1536.000000 2688.000000 1264.000000) 
4 12 174 (-1536.000000 2688.000000 592.000000) (-1536.000000 2656.000000 592.000000) (-1536.000000 2656.000000 624.000000) (-1536.000000 2688.000000 624.000000) 
4 12 154 (-1536.000000 2656.000000 624.000000) (-1536.000000 2656.000000 1264.000000) (-1536.000000 2688.000000 1264.000000) (-1536.000000 2688.000000 624.000000) 
4 12 54 (-832.000000 2656.000000 592.000000) (-1536.000000 2656.000000 592.000000) (-1536.000000 2688.000000 592.000000) (-832.000000 2688.000000 592.000000) 
4 12 15 (0.000000 2688.000000 592.000000) (0.000000 2656.000000 592.000000) (-832.000000 2656.000000 592.000000) (-832.000000 2688.000000 592.000000) 
4 13 175 (-1536.000000 2656.000000 592.000000) (-1536.000000 1152.000000 592.000000) (-1536.000000 1152.000000 624.000000) (-1536.000000 2656.000000 624.000000) 
3 13 161 (-1536.000000 768.000000 800.000000) (-1536.000000 1024.000000 800.000000) (-1536.000000 1024.000000 656.000000) 
4 13 159 (-1536.000000 528.000000 800.000000) (-1536.000000 528.000000 1264.000000) (-1536.000000 1024.000000 1264.000000) (-1536.000000 1024.000000 800.000000) 
4 13 156 (-1536.000000 1024.000000 1264.000000) (-1536.000000 2656.000000 1264.000000) (-1536.000000 2656.000000 624.000000) (-1536.000000 1024.000000 624.000000) 
4 13 55 (-832.000000 528.000000 592.000000) (-1536.000000 528.000000 592.000000) (-1536.000000 2656.000000 592.000000) (-832.000000 2656.000000 592.000000) 
4 13 47 (-144.000000 528.000000 592.000000) (-832.000000 528.000000 592.000000) (-832.000000 608.000000 592.000000) (-144.000000 608.000000 592.000000) 
4 13 44 (-832.000000 608.000000 592.000000) (-832.000000 688.000000 592.000000) (-768.000000 688.000000 592.000000) (-768.000000 608.000000 592.000000) 
4 13 42 (-144.000000 624.000000 592.000000) (-144.000000 608.000000 592.000000) (-768.000000 608.000000 592.000000) (-768.000000 624.000000 592.000000) 
4 13 39 (-144.000000 672.000000 592.000000) (-144.000000 624.000000 592.000000) (-768.000000 624.000000 592.000000) (-768.000000 672.000000 592.000000) 
4 13 37 (-768.000000 688.000000 592.000000) (-144.000000 688.000000 592.000000) (-144.000000 672.000000 592.000000) (-768.000000 672.000000 592.000000) 
4 13 31 (-80.000000 528.000000 592.000000) (-144.000000 528.000000 592.000000) (-144.000000 624.000000 592.000000) (-80.000000 624.000000 592.000000) 
4 13 29 (-64.000000 528.000000 592.000000) (-80.000000 528.000000 592.000000) (-80.000000 624.000000 592.000000) (-64.000000 624.000000 592.000000) 
4 13 26 (-16.000000 528.000000 592.000000) (-64.000000 528.000000 592.000000) (-64.000000 624.000000 592.000000) (-16.000000 624.000000 592.000000) 
4 13 24 (0.000000 624.000000 592.000000) (0.000000 528.000000 592.000000) (-16.000000 528.000000 592.000000) (-16.000000 624.000000 592.000000) 
4 13 21 (-16.000000 624.000000 592.000000) (-144.000000 624.000000 592.000000) (-144.000000 672.000000 592.000000) (-16.000000 672.000000 592.000000) 
4 13 19 (0.000000 672.000000 592.000000) (0.000000 624.000000 592.000000) (-16.000000 624.000000 592.000000) (-16.000000 672.000000 592.000000) 
4 13 17 (0.000000 688.000000 592.000000) (0.000000 672.000000 592.000000) (-144.000000 672.000000 592.000000) (-144.000000 688.000000 592.000000) 
4 13 16 (0.000000 2656.000000 592.000000) (0.000000 688.000000 592.000000) (-832.000000 688.000000 592.000000) (-832.000000 2656.000000 592.000000) 
5 13 14 (0.000000 528.000000 596.244898) (0.000000 528.000000 1264.000000) (-1536.000000 528.000000 1264.000000) (-1536.000000 528.000000 592.000000) (-16.000000 528.000000 592.000000) 
4 14 159 (-1536.000000 512.000000 800.000000) (-1536.000000 512.000000 1264.000000) (-1536.000000 528.000000 1264.000000) (-1536.000000 528.000000 800.000000) 
5 14 62 (0.000000 512.000000 628.244898) (0.000000 512.000000 1264.000000) (-1536.000000 512.000000 1264.000000) (-1536.000000 512.000000 624.000000) (-16.000000 512.000000 624.000000) 
4 15 251 (0.000000 2688.000000 -32.000000) (0.000000 2656.000000 -32.000000) (-832.000000 2656.000000 -32.000000) (-832.000000 2688.000000 -32.000000) 
4 15 54 (-832.000000 2656.000000 592.000000) (-832.000000 2688.000000 592.000000) (-832.000000 2688.000000 -32.000000) (-832.000000 2656.000000 -32.000000) 
4 16 252 (0.000000 2656.000000 -32.000000) (0.000000 688.000000 -32.000000) (-832.000000 688.000000 -32.000000) (-832.000000 2656.000000 -32.000000) 
4 16 55 (-832.000000 688.000000 592.000000) (-832.000000 2656.000000 592.000000) (-832.000000 2656.000000 -32.000000) (-832.000000 688.000000 -32.000000) 
4 16 46 (-832.000000 688.000000 224.000000) (-832.000000 688.000000 0.000000) (-768.000000 688.000000 0.000000) (-768.000000 688.000000 224.000000) 
4 16 44 (-768.000000 688.000000 592.000000) (-832.000000 688.000000 592.000000) (-832.000000 688.000000 336.000000) (-768.000000 688.000000 336.000000) 
4 16 38 (-144.000000 688.000000 0.000000) (-144.000000 688.000000 16.000000) (-768.000000 688.000000 228.414000) (-768.000000 688.000000 0.000000) 
4 16 37 (-144.000000 688.000000 243.586000) (-144.000000 688.000000 592.000000) (-768.000000 688.000000 592.000000) (-768.000000 688.000000 456.000000) 
4 16 53 (-832.000000 688.000000 -32.000000) (-144.000000 688.000000 -32.000000) (-144.000000 688.000000 0.000000) (-832.000000 688.000000 0.000000) 
4 16 18 (-144.000000 688.000000 -32.000000) (0.000000 688.000000 -32.000000) (0.000000 688.000000 24.000000) (-144.000000 688.000000 24.000000) 
4 16 17 (0.000000 688.000000 88.000000) (0.000000 688.000000 592.000000) (-144.000000 688.000000 592.000000) (-144.000000 688.000000 112.000000) 
4 17 37 (-144.000000 688.000000 592.000000) (-144.000000 688.000000 243.586000) (-144.000000 672.000000 243.586000) (-144.000000 672.000000 592.000000) 
5 17 21 (-144.000000 672.000000 592.000000) (-144.000000 672.000000 128.000000) (-67.200000 672.000000 99.200000) (-16.000000 672.000000 90.666667) (-16.000000 672.000000 592.000000) 
4 17 19 (-16.000000 672.000000 90.666667) (0.000000 672.000000 88.000000) (0.000000 672.000000 592.000000) (-16.000000 672.000000 592.000000) 
4 18 252 (0.000000 688.000000 -32.000000) (0.000000 672.000000 -32.000000) (-144.000000 672.000000 -32.000000) (-144.000000 688.000000 -32.000000) 
4 18 38 (-144.000000 688.000000 16.000000) (-144.000000 688.000000 0.000000) (-144.000000 672.000000 0.000000) (-144.000000 672.000000 16.000000) 
4 18 53 (-144.000000 688.000000 0.000000) (-144.000000 688.000000 -32.000000) (-144.000000 672.000000 -32.000000) (-144.000000 672.000000 0.000000) 
4 18 23 (-144.000000 672.000000 8.000000) (-144.000000 672.000000 -32.000000) (-16.000000 672.000000 -32.000000) (-16.000000 672.000000 8.000000) 
4 18 20 (-16.000000 672.000000 -32.000000) (0.000000 672.000000 -32.000000) (0.000000 672.000000 24.000000) (-16.000000 672.000000 24.000000) 
4 19 24 (0.000000 624.000000 88.000000) (0.000000 624.000000 592.000000) (-16.000000 624.000000 592.000000) (-16.000000 624.000000 88.000000) 
4 19 21 (-16.000000 672.000000 592.000000) (-16.000000 672.000000 88.000000) (-16.000000 624.000000 88.000000) (-16.000000 624.000000 592.000000) 
4 20 252 (0.000000 672.000000 -32.000000) (0.000000 624.000000 -32.000000) (-16.000000 624.000000 -32.000000) (-16.000000 672.000000 -32.000000) 
4 20 25 (-16.000000 624.000000 -32.000000) (0.000000 624.000000 -32.000000) (0.000000 624.000000 24.000000) (-16.000000 624.000000 24.000000) 
4 20 23 (-16.000000 672.000000 8.000000) (-16.000000 672.000000 -32.000000) (-16.000000 624.000000 -32.000000) (-16.000000 624.000000 8.000000) 
4 21 39 (-144.000000 624.000000 128.000000) (-144.000000 624.000000 592.000000) (-144.000000 672.000000 592.000000) (-144.000000 672.000000 128.000000) 
4 21 31 (-80.000000 624.000000 592.000000) (-144.000000 624.000000 592.000000) (-144.000000 624.000000 128.000000) (-80.000000 624.000000 104.000000) 
4 21 29 (-64.000000 624.000000 592.000000) (-80.000000 624.000000 592.000000) (-80.000000 624.000000 104.000000) (-64.000000 624.000000 98.000000) 
5 21 26 (-16.000000 624.000000 88.000000) (-16.000000 624.000000 592.000000) (-64.000000 624.000000 592.000000) (-64.000000 624.000000 98.000000) (-37.333333 624.000000 88.000000) 
4 22 40 (-144.000000 624.000000 24.000000) (-144.000000 624.000000 112.000000) (-144.000000 672.000000 112.000000) (-144.000000 672.000000 24.000000) 
5 22 27 (-16.000000 624.000000 24.000000) (-16.000000 624.000000 64.000000) (-37.333333 624.000000 72.000000) (-64.000000 624.000000 72.000000) (-64.000000 624.000000 24.000000) 
4 23 252 (-16.000000 624.000000 -32.000000) (-144.000000 624.000000 -32.000000) (-144.000000 672.000000 -32.000000) (-16.000000 672.000000 -32.000000) 
4 23 41 (-144.000000 624.000000 0.000000) (-144.000000 624.000000 8.000000) (-144.000000 672.000000 8.000000) (-144.000000 672.000000 0.000000) 
4 23 53 (-144.000000 672.000000 -32.000000) (-144.000000 624.000000 -32.000000) (-144.000000 624.000000 0.000000) (-144.000000 672.000000 0.000000) 
4 23 33 (-144.000000 624.000000 -32.000000) (-80.000000 624.000000 -32.000000) (-80.000000 624.000000 8.000000) (-144.000000 624.000000 8.000000) 
4 23 30 (-80.000000 624.000000 -32.000000) (-64.000000 624.000000 -32.000000) (-64.000000 624.000000 8.000000) (-80.000000 624.000000 8.000000) 
4 23 28 (-64.000000 624.000000 -32.000000) (-16.000000 624.000000 -32.000000) (-16.000000 624.000000 8.000000) (-64.000000 624.000000 8.000000) 
4 24 26 (-16.000000 528.000000 64.000000) (-16.000000 528.000000 592.000000) (-16.000000 624.000000 592.000000) (-16.000000 624.000000 88.000000) 
4 25 252 (0.000000 624.000000 -32.000000) (0.000000 528.000000 -32.000000) (-16.000000 528.000000 -32.000000) (-16.000000 624.000000 -32.000000) 
4 25 35 (-16.000000 528.000000 -32.000000) (0.000000 528.000000 -32.000000) (0.000000 528.000000 0.000000) (-16.000000 528.000000 0.000000) 
4 25 28 (-16.000000 624.000000 -32.000000) (-16.000000 528.000000 -32.000000) (-16.000000 528.000000 -16.000000) (-16.000000 624.000000 8.000000) 
4 26 29 (-64.000000 528.000000 64.000000) (-64.000000 528.000000 592.000000) (-64.000000 624.000000 592.000000) (-64.000000 624.000000 88.000000) 
4 27 34 (-16.000000 528.000000 0.000000) (-16.000000 528.000000 48.000000) (-64.000000 528.000000 48.000000) (-64.000000 528.000000 0.000000) 
4 28 252 (-16.000000 528.000000 -32.000000) (-64.000000 528.000000 -32.000000) (-64.000000 624.000000 -32.000000) (-16.000000 624.000000 -32.000000) 
4 28 30 (-64.000000 624.000000 -32.000000) (-64.000000 528.000000 -32.000000) (-64.000000 528.000000 -16.000000) (-64.000000 624.000000 8.000000) 
4 29 32 (-80.000000 608.000000 81.333333) (-80.000000 528.000000 48.000000) (-80.000000 528.000000 88.000000) (-80.000000 608.000000 88.000000) 
4 29 31 (-80.000000 624.000000 592.000000) (-80.000000 624.000000 88.000000) (-80.000000 528.000000 88.000000) (-80.000000 528.000000 592.000000) 
4 30 252 (-64.000000 528.000000 -32.000000) (-80.000000 528.000000 -32.000000) (-80.000000 624.000000 -32.000000) (-64.000000 624.000000 -32.000000) 
4 30 36 (-80.000000 528.000000 -32.000000) (-64.000000 528.000000 -32.000000) (-64.000000 528.000000 0.000000) (-80.000000 528.000000 0.000000) 
4 30 33 (-80.000000 624.000000 24.000000) (-80.000000 624.000000 -32.000000) (-80.000000 528.000000 -32.000000) (-80.000000 528.000000 0.000000) 
4 31 52 (-144.000000 528.000000 112.000000) (-144.000000 528.000000 224.000000) (-144.000000 608.000000 224.000000) (-144.000000 608.000000 112.000000) 
4 31 48 (-144.000000 528.000000 224.000000) (-144.000000 528.000000 336.000000) (-144.000000 608.000000 336.000000) (-144.000000 608.000000 224.000000) 
4 31 47 (-144.000000 528.000000 336.000000) (-144.000000 528.000000 592.000000) (-144.000000 608.000000 592.000000) (-144.000000 608.000000 336.000000) 
4 31 42 (-144.000000 608.000000 592.000000) (-144.000000 624.000000 592.000000) (-144.000000 624.000000 243.586000) (-144.000000 608.000000 243.586000) 
4 31 32 (-144.000000 528.000000 112.000000) (-144.000000 608.000000 112.000000) (-80.000000 608.000000 88.000000) (-80.000000 528.000000 88.000000) 
4 32 52 (-144.000000 528.000000 24.000000) (-144.000000 528.000000 112.000000) (-144.000000 608.000000 112.000000) (-144.000000 608.000000 24.000000) 
4 32 33 (-80.000000 528.000000 24.000000) (-144.000000 528.000000 24.000000) (-144.000000 608.000000 24.000000) (-80.000000 608.000000 24.000000) 
4 33 252 (-80.000000 528.000000 -32.000000) (-144.000000 528.000000 -32.000000) (-144.000000 624.000000 -32.000000) (-80.000000 624.000000 -32.000000) 
4 33 52 (-144.000000 528.000000 0.000000) (-144.000000 528.000000 24.000000) (-144.000000 608.000000 24.000000) (-144.000000 608.000000 0.000000) 
4 33 43 (-144.000000 624.000000 16.000000) (-144.000000 624.000000 0.000000) (-144.000000 608.000000 0.000000) (-144.000000 608.000000 16.000000) 
4 33 53 (-144.000000 624.000000 -32.000000) (-144.000000 528.000000 -32.000000) (-144.000000 528.000000 0.000000) (-144.000000 624.000000 0.000000) 
4 33 36 (-144.000000 528.000000 0.000000) (-144.000000 528.000000 -32.000000) (-80.000000 528.000000 -32.000000) (-80.000000 528.000000 0.000000) 
4 34 107 (-16.000000 512.000000 48.000000) (-64.000000 512.000000 48.000000) (-64.000000 512.000000 0.000000) (-16.000000 512.000000 0.000000) 
4 35 252 (0.000000 528.000000 -32.000000) (0.000000 512.000000 -32.000000) (-16.000000 512.000000 -32.000000) (-16.000000 528.000000 -32.000000) 
4 36 252 (-64.000000 512.000000 -32.000000) (-144.000000 512.000000 -32.000000) (-144.000000 528.000000 -32.000000) (-64.000000 528.000000 -32.000000) 
4 36 53 (-144.000000 528.000000 -32.000000) (-144.000000 512.000000 -32.000000) (-144.000000 512.000000 0.000000) (-144.000000 528.000000 0.000000) 
4 37 44 (-768.000000 672.000000 456.000000) (-768.000000 672.000000 592.000000) (-768.000000 688.000000 592.000000) (-768.000000 688.000000 456.000000) 
4 37 39 (-768.000000 672.000000 592.000000) (-768.000000 672.000000 456.000000) (-144.000000 672.000000 243.586000) (-144.000000 672.000000 592.000000) 
4 38 46 (-768.000000 688.000000 0.000000) (-768.000000 672.000000 0.000000) (-768.000000 672.000000 224.000000) (-768.000000 688.000000 224.000000) 
5 38 41 (-768.000000 672.000000 24.000000) (-768.000000 672.000000 0.000000) (-144.000000 672.000000 0.000000) (-144.000000 672.000000 16.000000) (-167.501276 672.000000 24.000000) 
4 38 53 (-144.000000 688.000000 0.000000) (-144.000000 672.000000 0.000000) (-768.000000 672.000000 0.000000) (-768.000000 688.000000 0.000000) 
4 39 44 (-768.000000 624.000000 336.000000) (-768.000000 624.000000 592.000000) (-768.000000 672.000000 592.000000) (-768.000000 672.000000 336.000000) 
4 39 42 (-144.000000 624.000000 243.586000) (-144.000000 624.000000 592.000000) (-768.000000 624.000000 592.000000) (-768.000000 624.000000 456.000000) 
4 40 45 (-768.000000 624.000000 256.000000) (-768.000000 624.000000 320.000000) (-768.000000 672.000000 320.000000) (-768.000000 672.000000 256.000000) 
4 41 46 (-768.000000 672.000000 0.000000) (-768.000000 624.000000 0.000000) (-768.000000 624.000000 24.000000) (-768.000000 672.000000 24.000000) 
5 41 43 (-768.000000 624.000000 0.000000) (-144.000000 624.000000 0.000000) (-144.000000 624.000000 16.000000) (-167.501276 624.000000 24.000000) (-768.000000 624.000000 24.000000) 
4 41 53 (-144.000000 672.000000 0.000000) (-144.000000 624.000000 0.000000) (-768.000000 624.000000 0.000000) (-768.000000 672.000000 0.000000) 
4 42 48 (-144.000000 608.000000 243.586000) (-144.000000 608.000000 336.000000) (-240.000000 608.000000 336.000000) (-240.000000 608.000000 276.265077) 
5 42 47 (-144.000000 608.000000 336.000000) (-144.000000 608.000000 592.000000) (-768.000000 608.000000 592.000000) (-768.000000 608.000000 456.000000) (-415.480863 608.000000 336.000000) 
4 42 44 (-768.000000 608.000000 456.000000) (-768.000000 608.000000 592.000000) (-768.000000 624.000000 592.000000) (-768.000000 624.000000 456.000000) 
5 43 52 (-768.000000 608.000000 0.000000) (-144.000000 608.000000 0.000000) (-144.000000 608.000000 16.000000) (-755.033171 608.000000 224.000000) (-768.000000 608.000000 224.000000) 
4 43 46 (-768.000000 624.000000 0.000000) (-768.000000 608.000000 0.000000) (-768.000000 608.000000 224.000000) (-768.000000 624.000000 224.000000) 
4 43 53 (-144.000000 624.000000 0.000000) (-144.000000 608.000000 0.000000) (-768.000000 608.000000 0.000000) (-768.000000 624.000000 0.000000) 
4 44 55 (-832.000000 608.000000 592.000000) (-832.000000 688.000000 592.000000) (-832.000000 688.000000 336.000000) (-832.000000 608.000000 336.000000) 
4 44 47 (-832.000000 608.000000 592.000000) (-832.000000 608.000000 336.000000) (-768.000000 608.000000 336.000000) (-768.000000 608.000000 592.000000) 
4 45 49 (-816.000000 608.000000 256.000000) (-768.000000 608.000000 256.000000) (-768.000000 608.000000 320.000000) (-816.000000 608.000000 320.000000) 
4 46 55 (-832.000000 688.000000 224.000000) (-832.000000 688.000000 0.000000) (-832.000000 608.000000 0.000000) (-832.000000 608.000000 224.000000) 
4 46 52 (-832.000000 608.000000 224.000000) (-832.000000 608.000000 0.000000) (-768.000000 608.000000 0.000000) (-768.000000 608.000000 224.000000) 
4 46 53 (-768.000000 608.000000 0.000000) (-832.000000 608.000000 0.000000) (-832.000000 688.000000 0.000000) (-768.000000 688.000000 0.000000) 
4 47 55 (-832.000000 528.000000 592.000000) (-832.000000 608.000000 592.000000) (-832.000000 608.000000 336.000000) (-832.000000 528.000000 336.000000) 
4 47 48 (-240.000000 608.000000 336.000000) (-144.000000 608.000000 336.000000) (-144.000000 528.000000 336.000000) (-240.000000 528.000000 336.000000) 
4 48 52 (-240.000000 608.000000 224.000000) (-144.000000 608.000000 224.000000) (-144.000000 528.000000 224.000000) (-240.000000 528.000000 224.000000) 
4 49 50 (-816.000000 592.000000 256.000000) (-768.000000 592.000000 256.000000) (-768.000000 592.000000 320.000000) (-816.000000 592.000000 320.000000) 
4 50 51 (-304.000000 544.000000 256.000000) (-256.000000 544.000000 256.000000) (-256.000000 544.000000 320.000000) (-304.000000 544.000000 320.000000) 
3 51 120 (-304.000000 512.000000 256.000000) (-256.000000 512.000000 256.000000) (-256.000000 512.000000 272.653061) 
4 51 117 (-304.000000 512.000000 256.000000) (-256.000000 512.000000 272.653061) (-256.000000 512.000000 320.000000) (-304.000000 512.000000 320.000000) 
4 52 55 (-832.000000 608.000000 224.000000) (-832.000000 608.000000 0.000000) (-832.000000 528.000000 0.000000) (-832.000000 528.000000 224.000000) 
4 52 53 (-144.000000 608.000000 0.000000) (-144.000000 528.000000 0.000000) (-832.000000 528.000000 0.000000) (-832.000000 608.000000 0.000000) 
4 53 252 (-144.000000 512.000000 -32.000000) (-832.000000 512.000000 -32.000000) (-832.000000 688.000000 -32.000000) (-144.000000 688.000000 -32.000000) 
4 53 137 (-832.000000 512.000000 -32.000000) (-768.000000 512.000000 -32.000000) (-768.000000 512.000000 0.000000) (-832.000000 512.000000 0.000000) 
4 53 56 (-832.000000 528.000000 -32.000000) (-832.000000 512.000000 -32.000000) (-832.000000 512.000000 0.000000) (-832.000000 528.000000 0.000000) 
4 53 55 (-832.000000 688.000000 0.000000) (-832.000000 688.000000 -32.000000) (-832.000000 528.000000 -32.000000) (-832.000000 528.000000 0.000000) 
4 54 251 (-1536.000000 2656.000000 -32.000000) (-1536.000000 2688.000000 -32.000000) (-832.000000 2688.000000 -32.000000) (-832.000000 2656.000000 -32.000000) 
4 54 174 (-1536.000000 2688.000000 -32.000000) (-1536.000000 2656.000000 -32.000000) (-1536.000000 2656.000000 592.000000) (-1536.000000 2688.000000 592.000000) 
4 55 252 (-1536.000000 528.000000 -32.000000) (-1536.000000 2656.000000 -32.000000) (-832.000000 2656.000000 -32.000000) (-832.000000 528.000000 -32.000000) 
4 55 179 (-1536.000000 1024.000000 -32.000000) (-1536.000000 528.000000 -32.000000) (-1536.000000 528.000000 0.000000) (-1536.000000 1024.000000 0.000000) 
4 55 177 (-1536.000000 1152.000000 -32.000000) (-1536.000000 1024.000000 -32.000000) (-1536.000000 1024.000000 0.000000) (-1536.000000 1152.000000 0.000000) 
4 55 175 (-1536.000000 2656.000000 -32.000000) (-1536.000000 1152.000000 -32.000000) (-1536.000000 1152.000000 592.000000) (-1536.000000 2656.000000 592.000000) 
4 55 56 (-1536.000000 528.000000 0.000000) (-1536.000000 528.000000 -32.000000) (-832.000000 528.000000 -32.000000) (-832.000000 528.000000 0.000000) 
4 56 252 (-1536.000000 512.000000 -32.000000) (-1536.000000 528.000000 -32.000000) (-832.000000 528.000000 -32.000000) (-832.000000 512.000000 -32.000000) 
4 56 179 (-1536.000000 528.000000 -32.000000) (-1536.000000 512.000000 -32.000000) (-1536.000000 512.000000 0.000000) (-1536.000000 528.000000 0.000000) 
4 56 139 (-1536.000000 512.000000 -32.000000) (-1280.000000 512.000000 -32.000000) (-1280.000000 512.000000 0.000000) (-1536.000000 512.000000 0.000000) 
4 56 137 (-1280.000000 512.000000 -32.000000) (-832.000000 512.000000 -32.000000) (-832.000000 512.000000 0.000000) (-1280.000000 512.000000 0.000000) 
4 57 140 (1760.000000 -512.000000 1264.000000) (1760.000000 -512.000000 1296.000000) (768.000000 -512.000000 1296.000000) (768.000000 -512.000000 1264.000000) 
4 57 61 (768.000000 512.000000 1296.000000) (768.000000 512.000000 1264.000000) (768.000000 -512.000000 1264.000000) (768.000000 -512.000000 1296.000000) 
4 57 58 (1719.510000 512.000000 1264.000000) (1760.000000 512.000000 1264.000000) (1760.000000 -512.000000 1264.000000) (1719.510000 -512.000000 1264.000000) 
4 58 148 (1719.510000 -512.000000 544.000000) (1760.000000 -512.000000 544.000000) (1760.000000 -512.000000 592.000000) (1719.510000 -512.000000 592.000000) 
4 58 141 (1760.000000 -512.000000 592.000000) (1760.000000 -512.000000 1264.000000) (1719.510000 -512.000000 1264.000000) (1719.510000 -512.000000 592.000000) 
4 58 75 (1719.510000 512.000000 544.000000) (1760.000000 512.000000 544.000000) (1760.000000 -512.000000 544.000000) (1719.510000 -512.000000 544.000000) 
4 59 149 (784.000000 -512.000000 544.000000) (1719.510000 -512.000000 544.000000) (1719.510000 -512.000000 592.000000) (784.000000 -512.000000 592.000000) 
4 59 142 (1719.510000 -512.000000 592.000000) (1719.510000 -512.000000 1264.000000) (784.000000 -512.000000 1264.000000) (784.000000 -512.000000 592.000000) 
4 59 76 (784.000000 512.000000 544.000000) (1719.510000 512.000000 544.000000) (1719.510000 -512.000000 544.000000) (784.000000 -512.000000 544.000000) 
4 59 60 (784.000000 512.000000 1264.000000) (784.000000 512.000000 800.000000) (784.000000 -512.000000 800.000000) (784.000000 -512.000000 1264.000000) 
4 60 142 (784.000000 -512.000000 800.000000) (784.000000 -512.000000 1264.000000) (768.000000 -512.000000 1264.000000) (768.000000 -512.000000 800.000000) 
4 60 69 (768.000000 -512.000000 832.000000) (768.000000 -512.000000 1264.000000) (768.000000 -256.000000 1264.000000) (768.000000 -256.000000 832.000000) 
4 60 62 (768.000000 512.000000 1264.000000) (768.000000 512.000000 832.000000) (768.000000 -256.000000 832.000000) (768.000000 -256.000000 1264.000000) 
4 61 158 (-1536.000000 -512.000000 1264.000000) (-1536.000000 -512.000000 1296.000000) (-1536.000000 512.000000 1296.000000) (-1536.000000 512.000000 1264.000000) 
4 61 144 (-1536.000000 -512.000000 1296.000000) (-1536.000000 -512.000000 1264.000000) (768.000000 -512.000000 1264.000000) (768.000000 -512.000000 1296.000000) 
4 62 159 (-1536.000000 -256.000000 1264.000000) (-1536.000000 512.000000 1264.000000) (-1536.000000 512.000000 800.000000) (-1536.000000 -256.000000 800.000000) 
5 62 69 (768.000000 -256.000000 1264.000000) (-1536.000000 -256.000000 1264.000000) (-1536.000000 -256.000000 624.000000) (-16.000000 -256.000000 624.000000) (768.000000 -256.000000 832.000000) 
4 63 138 (-1536.000000 -256.000000 544.000000) (-1536.000000 512.000000 544.000000) (-1280.000000 512.000000 544.000000) (-1280.000000 -256.000000 544.000000) 
4 63 133 (-768.000000 320.000000 544.000000) (-768.000000 -256.000000 544.000000) (-1280.000000 -256.000000 544.000000) (-1280.000000 320.000000 544.000000) 
4 63 131 (-1280.000000 512.000000 544.000000) (-768.000000 512.000000 544.000000) (-768.000000 320.000000 544.000000) (-1280.000000 320.000000 544.000000) 
4 63 117 (-768.000000 512.000000 544.000000) (-196.923077 512.000000 544.000000) (-196.923077 -256.000000 544.000000) (-768.000000 -256.000000 544.000000) 
4 63 70 (-1536.000000 -256.000000 592.000000) (-1536.000000 -256.000000 544.000000) (-196.923077 -256.000000 544.000000) (-16.000000 -256.000000 592.000000) 
4 63 64 (-16.000000 -256.000000 592.000000) (-196.923077 -256.000000 544.000000) (-196.923077 512.000000 544.000000) (-16.000000 512.000000 592.000000) 
4 64 117 (-196.923077 512.000000 544.000000) (-182.153846 512.000000 544.000000) (-182.153846 -256.000000 544.000000) (-196.923077 -256.000000 544.000000) 
3 64 71 (-196.923077 -256.000000 544.000000) (-182.153846 -256.000000 544.000000) (526.769231 -256.000000 736.000000) 
4 64 67 (526.769231 256.000000 736.000000) (526.769231 -256.000000 736.000000) (512.000000 -256.000000 732.000000) (512.000000 256.000000 732.000000) 
4 64 66 (512.000000 512.000000 732.000000) (526.769231 512.000000 736.000000) (526.769231 352.000000 736.000000) (512.000000 352.000000 732.000000) 
4 64 68 (-182.153846 -256.000000 544.000000) (-182.153846 512.000000 544.000000) (512.000000 512.000000 732.000000) (512.000000 -256.000000 732.000000) 
4 65 80 (768.000000 256.000000 544.000000) (768.000000 -256.000000 544.000000) (608.000000 -256.000000 544.000000) (608.000000 256.000000 544.000000) 
4 65 79 (768.000000 352.000000 544.000000) (768.000000 256.000000 544.000000) (608.000000 256.000000 544.000000) (608.000000 352.000000 544.000000) 
4 65 78 (608.000000 512.000000 544.000000) (768.000000 512.000000 544.000000) (768.000000 352.000000 544.000000) (608.000000 352.000000 544.000000) 
4 65 72 (608.000000 -256.000000 544.000000) (768.000000 -256.000000 544.000000) (768.000000 -256.000000 800.000000) (608.000000 -256.000000 757.551020) 
4 65 67 (608.000000 256.000000 544.000000) (608.000000 -256.000000 544.000000) (608.000000 -256.000000 757.551020) (608.000000 256.000000 757.551020) 
4 65 66 (608.000000 512.000000 757.551020) (608.000000 512.000000 544.000000) (608.000000 352.000000 544.000000) (608.000000 352.000000 757.551020) 
4 66 78 (512.000000 512.000000 544.000000) (608.000000 512.000000 544.000000) (608.000000 352.000000 544.000000) (512.000000 352.000000 544.000000) 
4 66 68 (512.000000 352.000000 732.000000) (512.000000 512.000000 732.000000) (512.000000 512.000000 544.000000) (512.000000 352.000000 544.000000) 
4 67 80 (608.000000 256.000000 544.000000) (608.000000 -256.000000 544.000000) (544.000000 -256.000000 544.000000) (544.000000 256.000000 544.000000) 
4 67 68 (512.000000 -256.000000 544.000000) (512.000000 -256.000000 732.000000) (512.000000 256.000000 732.000000) (512.000000 256.000000 544.000000) 
4 68 117 (-182.153846 512.000000 544.000000) (-64.000000 512.000000 544.000000) (-64.000000 -256.000000 544.000000) (-182.153846 -256.000000 544.000000) 
4 68 95 (496.000000 512.000000 544.000000) (512.000000 512.000000 544.000000) (512.000000 -256.000000 544.000000) (496.000000 -256.000000 544.000000) 
4 68 97 (-64.000000 512.000000 544.000000) (496.000000 512.000000 544.000000) (496.000000 -256.000000 544.000000) (-64.000000 -256.000000 544.000000) 
3 68 74 (-182.153846 -256.000000 544.000000) (512.000000 -256.000000 544.000000) (512.000000 -256.000000 732.000000) 
4 69 159 (-1536.000000 -512.000000 800.000000) (-1536.000000 -512.000000 1264.000000) (-1536.000000 -256.000000 1264.000000) (-1536.000000 -256.000000 800.000000) 
5 69 145 (-1536.000000 -512.000000 1264.000000) (-1536.000000 -512.000000 624.000000) (-16.000000 -512.000000 624.000000) (768.000000 -512.000000 832.000000) (768.000000 -512.000000 1264.000000) 
4 70 138 (-1536.000000 -512.000000 544.000000) (-1536.000000 -256.000000 544.000000) (-1280.000000 -256.000000 544.000000) (-1280.000000 -512.000000 544.000000) 
4 70 135 (-768.000000 -320.000000 544.000000) (-768.000000 -512.000000 544.000000) (-1280.000000 -512.000000 544.000000) (-1280.000000 -320.000000 544.000000) 
4 70 133 (-1280.000000 -256.000000 544.000000) (-768.000000 -256.000000 544.000000) (-768.000000 -320.000000 544.000000) (-1280.000000 -320.000000 544.000000) 
4 70 117 (-768.000000 -256.000000 544.000000) (-196.923077 -256.000000 544.000000) (-196.923077 -320.000000 544.000000) (-768.000000 -320.000000 544.000000) 
4 70 119 (-196.923077 -320.000000 544.000000) (-196.923077 -512.000000 544.000000) (-768.000000 -512.000000 544.000000) (-768.000000 -320.000000 544.000000) 
4 70 71 (-16.000000 -512.000000 592.000000) (-196.923077 -512.000000 544.000000) (-196.923077 -256.000000 544.000000) (-16.000000 -256.000000 592.000000) 
4 71 117 (-196.923077 -256.000000 544.000000) (-182.153846 -256.000000 544.000000) (-182.153846 -320.000000 544.000000) (-196.923077 -320.000000 544.000000) 
4 71 119 (-182.153846 -320.000000 544.000000) (-182.153846 -512.000000 544.000000) (-196.923077 -512.000000 544.000000) (-196.923077 -320.000000 544.000000) 
4 71 73 (526.769231 -352.000000 736.000000) (526.769231 -512.000000 736.000000) (512.000000 -512.000000 732.000000) (512.000000 -352.000000 732.000000) 
4 71 74 (-182.153846 -512.000000 544.000000) (-182.153846 -256.000000 544.000000) (512.000000 -256.000000 732.000000) (512.000000 -512.000000 732.000000) 
4 72 93 (608.000000 -256.000000 544.000000) (768.000000 -256.000000 544.000000) (768.000000 -512.000000 544.000000) (608.000000 -512.000000 544.000000) 
4 72 73 (608.000000 -352.000000 544.000000) (608.000000 -512.000000 544.000000) (608.000000 -512.000000 757.551020) (608.000000 -352.000000 757.551020) 
4 73 94 (608.000000 -352.000000 544.000000) (608.000000 -512.000000 544.000000) (512.000000 -512.000000 544.000000) (512.000000 -352.000000 544.000000) 
4 73 74 (512.000000 -352.000000 544.000000) (512.000000 -512.000000 544.000000) (512.000000 -512.000000 732.000000) (512.000000 -352.000000 732.000000) 
4 74 117 (-182.153846 -256.000000 544.000000) (-64.000000 -256.000000 544.000000) (-64.000000 -320.000000 544.000000) (-182.153846 -320.000000 544.000000) 
4 74 119 (-64.000000 -320.000000 544.000000) (-64.000000 -512.000000 544.000000) (-182.153846 -512.000000 544.000000) (-182.153846 -320.000000 544.000000) 
4 74 98 (512.000000 -496.000000 544.000000) (512.000000 -512.000000 544.000000) (-64.000000 -512.000000 544.000000) (-64.000000 -496.000000 544.000000) 
4 74 95 (496.000000 -256.000000 544.000000) (512.000000 -256.000000 544.000000) (512.000000 -496.000000 544.000000) (496.000000 -496.000000 544.000000) 
4 74 97 (-64.000000 -256.000000 544.000000) (496.000000 -256.000000 544.000000) (496.000000 -496.000000 544.000000) (-64.000000 -496.000000 544.000000) 
4 75 250 (1719.510000 512.000000 -32.000000) (1760.000000 512.000000 -32.000000) (1760.000000 -512.000000 -32.000000) (1719.510000 -512.000000 -32.000000) 
4 75 148 (1719.510000 -512.000000 -32.000000) (1760.000000 -512.000000 -32.000000) (1760.000000 -512.000000 544.000000) (1719.510000 -512.000000 544.000000) 
4 76 252 (784.000000 512.000000 -32.000000) (1719.510000 512.000000 -32.000000) (1719.510000 -512.000000 -32.000000) (784.000000 -512.000000 -32.000000) 
4 76 149 (784.000000 -512.000000 -32.000000) (1719.510000 -512.000000 -32.000000) (1719.510000 -512.000000 544.000000) (784.000000 -512.000000 544.000000) 
4 76 77 (784.000000 -512.000000 -32.000000) (784.000000 -512.000000 0.000000) (784.000000 512.000000 0.000000) (784.000000 512.000000 -32.000000) 
4 77 252 (768.000000 512.000000 -32.000000) (784.000000 512.000000 -32.000000) (784.000000 -512.000000 -32.000000) (768.000000 -512.000000 -32.000000) 
4 77 152 (768.000000 -512.000000 -32.000000) (784.000000 -512.000000 -32.000000) (784.000000 -512.000000 0.000000) (768.000000 -512.000000 0.000000) 
4 78 95 (512.000000 352.000000 544.000000) (512.000000 512.000000 544.000000) (512.000000 512.000000 528.000000) (512.000000 352.000000 528.000000) 
4 78 96 (512.000000 512.000000 512.000000) (512.000000 512.000000 256.000000) (512.000000 352.000000 256.000000) (512.000000 352.000000 512.000000) 
4 78 79 (608.000000 352.000000 256.000000) (768.000000 352.000000 256.000000) (768.000000 352.000000 544.000000) (608.000000 352.000000 544.000000) 
4 79 82 (608.000000 256.000000 256.000000) (768.000000 256.000000 256.000000) (768.000000 256.000000 384.000000) (608.000000 256.000000 384.000000) 
4 79 81 (768.000000 256.000000 384.000000) (768.000000 256.000000 480.000000) (608.000000 256.000000 480.000000) (608.000000 256.000000 384.000000) 
4 79 80 (768.000000 256.000000 480.000000) (768.000000 256.000000 544.000000) (608.000000 256.000000 544.000000) (608.000000 256.000000 480.000000) 
4 80 93 (608.000000 -256.000000 480.000000) (768.000000 -256.000000 480.000000) (768.000000 -256.000000 544.000000) (608.000000 -256.000000 544.000000) 
4 80 84 (768.000000 96.000000 480.000000) (768.000000 -256.000000 480.000000) (544.000000 -256.000000 480.000000) (544.000000 96.000000 480.000000) 
4 80 81 (544.000000 256.000000 480.000000) (768.000000 256.000000 480.000000) (768.000000 96.000000 480.000000) (544.000000 96.000000 480.000000) 
4 81 96 (512.000000 256.000000 480.000000) (512.000000 256.000000 384.000000) (512.000000 96.000000 384.000000) (512.000000 96.000000 480.000000) 
4 81 84 (768.000000 96.000000 384.000000) (768.000000 96.000000 480.000000) (512.000000 96.000000 480.000000) (512.000000 96.000000 384.000000) 
4 81 83 (512.000000 192.000000 384.000000) (512.000000 256.000000 384.000000) (608.000000 256.000000 384.000000) (608.000000 192.000000 384.000000) 
4 81 82 (608.000000 256.000000 384.000000) (768.000000 256.000000 384.000000) (768.000000 96.000000 384.000000) (608.000000 96.000000 384.000000) 
4 82 86 (640.000000 96.000000 352.000000) (608.000000 96.000000 352.000000) (608.000000 96.000000 256.000000) (640.000000 96.000000 256.000000) 
4 82 85 (768.000000 96.000000 256.000000) (768.000000 96.000000 352.000000) (640.000000 96.000000 352.000000) (640.000000 96.000000 256.000000) 
4 82 84 (768.000000 96.000000 352.000000) (768.000000 96.000000 384.000000) (608.000000 96.000000 384.000000) (608.000000 96.000000 352.000000) 
4 82 83 (608.000000 256.000000 384.000000) (608.000000 256.000000 256.000000) (608.000000 192.000000 256.000000) (608.000000 192.000000 384.000000) 
4 83 96 (512.000000 256.000000 384.000000) (512.000000 256.000000 256.000000) (512.000000 192.000000 256.000000) (512.000000 192.000000 384.000000) 
4 84 96 (512.000000 -256.000000 352.000000) (512.000000 -256.000000 480.000000) (512.000000 96.000000 480.000000) (512.000000 96.000000 352.000000) 
4 84 93 (608.000000 -256.000000 352.000000) (768.000000 -256.000000 352.000000) (768.000000 -256.000000 480.000000) (608.000000 -256.000000 480.000000) 
4 84 91 (512.000000 32.000000 352.000000) (512.000000 96.000000 352.000000) (544.000000 96.000000 352.000000) (544.000000 32.000000 352.000000) 
4 84 92 (512.000000 -256.000000 352.000000) (512.000000 -96.000000 352.000000) (544.000000 -96.000000 352.000000) (544.000000 -256.000000 352.000000) 
4 84 89 (560.000000 -208.000000 352.000000) (544.000000 -208.000000 352.000000) (544.000000 -160.000000 352.000000) (560.000000 -160.000000 352.000000) 
4 84 88 (768.000000 -160.000000 352.000000) (768.000000 -208.000000 352.000000) (560.000000 -208.000000 352.000000) (560.000000 -160.000000 352.000000) 
4 84 90 (768.000000 -208.000000 352.000000) (768.000000 -256.000000 352.000000) (544.000000 -256.000000 352.000000) (544.000000 -208.000000 352.000000) 
4 84 86 (608.000000 96.000000 352.000000) (640.000000 96.000000 352.000000) (640.000000 32.000000 352.000000) (608.000000 32.000000 352.000000) 
4 84 85 (640.000000 96.000000 352.000000) (768.000000 96.000000 352.000000) (768.000000 -96.000000 352.000000) (640.000000 -96.000000 352.000000) 
4 84 87 (768.000000 -96.000000 352.000000) (768.000000 -160.000000 352.000000) (608.000000 -160.000000 352.000000) (608.000000 -96.000000 352.000000) 
4 85 86 (640.000000 96.000000 352.000000) (640.000000 96.000000 256.000000) (640.000000 32.000000 256.000000) (640.000000 32.000000 352.000000) 
4 85 87 (640.000000 -96.000000 256.000000) (768.000000 -96.000000 256.000000) (768.000000 -96.000000 352.000000) (640.000000 -96.000000 352.000000) 
5 87 88 (704.000000 -160.000000 256.000000) (768.000000 -160.000000 256.000000) (768.000000 -160.000000 352.000000) (608.000000 -160.000000 352.000000) (608.000000 -160.000000 320.000000) 
4 88 89 (560.000000 -208.000000 352.000000) (560.000000 -160.000000 352.000000) (608.000000 -160.000000 320.000000) (608.000000 -208.000000 320.000000) 
4 88 90 (704.000000 -208.000000 256.000000) (768.000000 -208.000000 256.000000) (768.000000 -208.000000 352.000000) (560.000000 -208.000000 352.000000) 
4 89 92 (544.000000 -208.000000 320.000000) (544.000000 -208.000000 352.000000) (544.000000 -160.000000 352.000000) (544.000000 -160.000000 320.000000) 
4 89 90 (544.000000 -208.000000 352.000000) (544.000000 -208.000000 320.000000) (608.000000 -208.000000 320.000000) (560.000000 -208.000000 352.000000) 
4 90 93 (608.000000 -256.000000 256.000000) (768.000000 -256.000000 256.000000) (768.000000 -256.000000 352.000000) (608.000000 -256.000000 352.000000) 
4 90 92 (544.000000 -208.000000 256.000000) (544.000000 -256.000000 256.000000) (544.000000 -256.000000 352.000000) (544.000000 -208.000000 352.000000) 
4 91 96 (512.000000 96.000000 256.000000) (512.000000 32.000000 256.000000) (512.000000 32.000000 352.000000) (512.000000 96.000000 352.000000) 
4 92 96 (512.000000 -96.000000 256.000000) (512.000000 -256.000000 256.000000) (512.000000 -256.000000 352.000000) (512.000000 -96.000000 352.000000) 
4 93 94 (608.000000 -352.000000 256.000000) (608.000000 -512.000000 256.000000) (608.000000 -512.000000 544.000000) (608.000000 -352.000000 544.000000) 
4 94 100 (512.000000 -512.000000 256.000000) (512.000000 -512.000000 496.000000) (512.000000 -496.000000 496.000000) (512.000000 -496.000000 256.000000) 
4 94 98 (512.000000 -512.000000 528.000000) (512.000000 -512.000000 544.000000) (512.000000 -496.000000 544.000000) (512.000000 -496.000000 528.000000) 
4 94 95 (512.000000 -496.000000 544.000000) (512.000000 -352.000000 544.000000) (512.000000 -352.000000 528.000000) (512.000000 -496.000000 528.000000) 
4 94 96 (512.000000 -352.000000 512.000000) (512.000000 -352.000000 256.000000) (512.000000 -496.000000 256.000000) (512.000000 -496.000000 512.000000) 
4 95 98 (512.000000 -496.000000 528.000000) (512.000000 -496.000000 544.000000) (496.000000 -496.000000 544.000000) (496.000000 -496.000000 528.000000) 
4 95 97 (496.000000 -496.000000 544.000000) (496.000000 512.000000 544.000000) (496.000000 512.000000 528.000000) (496.000000 -496.000000 528.000000) 
4 96 101 (512.000000 256.000000 256.000000) (512.000000 -256.000000 256.000000) (496.000000 -256.000000 256.000000) (496.000000 256.000000 256.000000) 
4 96 100 (496.000000 -496.000000 256.000000) (512.000000 -496.000000 256.000000) (512.000000 -496.000000 496.000000) (496.000000 -496.000000 496.000000) 
4 96 97 (496.000000 512.000000 512.000000) (496.000000 512.000000 256.000000) (496.000000 -496.000000 256.000000) (496.000000 -496.000000 512.000000) 
4 97 120 (-64.000000 512.000000 339.265306) (-64.000000 512.000000 256.000000) (-64.000000 -496.000000 256.000000) (-64.000000 -496.000000 339.265306) 
4 97 117 (-64.000000 -320.000000 544.000000) (-64.000000 512.000000 544.000000) (-64.000000 512.000000 339.265306) (-64.000000 -320.000000 339.265306) 
4 97 119 (-64.000000 -496.000000 544.000000) (-64.000000 -320.000000 544.000000) (-64.000000 -320.000000 339.265306) (-64.000000 -496.000000 339.265306) 
4 97 101 (-64.000000 -256.000000 256.000000) (-64.000000 256.000000 256.000000) (496.000000 256.000000 256.000000) (496.000000 -256.000000 256.000000) 
5 97 100 (-64.000000 -496.000000 256.000000) (496.000000 -496.000000 256.000000) (496.000000 -496.000000 496.000000) (480.000000 -496.000000 496.000000) (-64.000000 -496.000000 310.545455) 
3 97 99 (480.000000 -496.000000 528.000000) (-64.000000 -496.000000 528.000000) (-64.000000 -496.000000 339.265306) 
4 97 98 (496.000000 -496.000000 528.000000) (496.000000 -496.000000 544.000000) (-64.000000 -496.000000 544.000000) (-64.000000 -496.000000 528.000000) 
4 98 119 (-64.000000 -512.000000 528.000000) (-64.000000 -512.000000 544.000000) (-64.000000 -496.000000 544.000000) (-64.000000 -496.000000 528.000000) 
4 98 99 (480.000000 -512.000000 528.000000) (-64.000000 -512.000000 528.000000) (-64.000000 -496.000000 528.000000) (480.000000 -496.000000 528.000000) 
4 99 119 (-64.000000 -512.000000 339.265306) (-64.000000 -512.000000 528.000000) (-64.000000 -496.000000 528.000000) (-64.000000 -496.000000 339.265306) 
4 100 121 (-64.000000 -512.000000 256.000000) (-64.000000 -512.000000 310.545455) (-64.000000 -496.000000 310.545455) (-64.000000 -496.000000 256.000000) 
4 101 122 (-64.000000 -256.000000 256.000000) (-64.000000 256.000000 256.000000) (-64.000000 256.000000 192.000000) (-64.000000 -256.000000 192.000000) 
4 101 108 (-64.000000 -256.000000 192.000000) (-64.000000 220.870754 192.000000) (512.000000 240.981250 192.000000) (512.000000 -256.000000 192.000000) 
4 101 106 (288.000000 256.000000 192.000000) (512.000000 256.000000 192.000000) (512.000000 240.981250 192.000000) (288.000000 233.160501 192.000000) 
4 101 107 (-64.000000 220.870754 192.000000) (-64.000000 256.000000 192.000000) (288.000000 256.000000 192.000000) (288.000000 233.160501 192.000000) 
4 102 105 (512.000000 512.000000 0.000000) (512.000000 384.000000 0.000000) (512.000000 384.000000 1.000000) (512.000000 512.000000 1.000000) 
4 102 106 (512.000000 272.000000 0.000000) (512.000000 256.000000 0.000000) (512.000000 256.000000 1.000000) (512.000000 272.000000 1.000000) 
4 102 103 (512.000000 256.000000 0.000000) (768.000000 256.000000 0.000000) (768.000000 256.000000 1.000000) (512.000000 256.000000 1.000000) 
4 103 109 (591.932000 243.772000 0.000000) (768.000000 249.919248 0.000000) (768.000000 249.919248 112.000000) (591.932000 243.772000 112.000000) 
4 103 108 (768.000000 249.919248 112.000000) (768.000000 249.919248 192.000000) (512.000000 240.981250 192.000000) (512.000000 240.981250 112.000000) 
4 103 106 (512.000000 256.000000 0.000000) (512.000000 240.981250 0.000000) (512.000000 240.981250 192.000000) (512.000000 256.000000 192.000000) 
4 104 105 (288.000000 384.000000 112.000000) (288.000000 512.000000 112.000000) (512.000000 512.000000 112.000000) (512.000000 384.000000 112.000000) 
4 104 106 (512.000000 272.000000 112.000000) (512.000000 272.000000 192.000000) (288.000000 272.000000 192.000000) (288.000000 272.000000 112.000000) 
4 104 107 (288.000000 512.000000 192.000000) (288.000000 512.000000 112.000000) (288.000000 272.000000 112.000000) (288.000000 272.000000 192.000000) 
4 105 107 (288.000000 512.000000 112.000000) (288.000000 512.000000 0.000000) (288.000000 384.000000 0.000000) (288.000000 384.000000 112.000000) 
4 106 110 (288.000000 233.160501 0.000000) (480.000000 239.864000 0.000000) (480.000000 239.864000 112.000000) (288.000000 233.160501 112.000000) 
4 106 108 (512.000000 240.981250 112.000000) (512.000000 240.981250 192.000000) (288.000000 233.160501 192.000000) (288.000000 233.160501 112.000000) 
4 106 107 (288.000000 272.000000 0.000000) (288.000000 233.160501 0.000000) (288.000000 233.160501 192.000000) (288.000000 272.000000 192.000000) 
4 107 125 (-64.000000 256.000000 0.000000) (-64.000000 220.870754 0.000000) (-64.000000 220.870754 112.000000) (-64.000000 256.000000 112.000000) 
4 107 124 (-64.000000 512.000000 112.000000) (-64.000000 512.000000 0.000000) (-64.000000 368.000000 0.000000) (-64.000000 368.000000 112.000000) 
4 107 123 (-64.000000 220.870754 192.000000) (-64.000000 512.000000 192.000000) (-64.000000 512.000000 112.000000) (-64.000000 220.870754 112.000000) 
4 107 110 (-64.000000 220.870754 112.000000) (-64.000000 220.870754 0.000000) (288.000000 233.160501 0.000000) (288.000000 233.160501 112.000000) 
4 107 108 (-64.000000 220.870754 192.000000) (-64.000000 220.870754 112.000000) (288.000000 233.160501 112.000000) (288.000000 233.160501 192.000000) 
4 108 123 (-64.000000 -256.000000 192.000000) (-64.000000 220.870754 192.000000) (-64.000000 220.870754 112.000000) (-64.000000 -256.000000 112.000000) 
4 108 114 (160.000000 -256.000000 192.000000) (-64.000000 -256.000000 192.000000) (-64.000000 -256.000000 112.000000) (160.000000 -256.000000 112.000000) 
4 108 112 (512.000000 -256.000000 192.000000) (160.000000 -256.000000 192.000000) (160.000000 -256.000000 112.000000) (512.000000 -256.000000 112.000000) 
4 108 110 (-64.000000 -3.269620 112.000000) (-64.000000 220.870754 112.000000) (480.000000 239.864000 112.000000) (487.817000 16.000000 112.000000) 
4 108 111 (609.383354 -256.000000 112.000000) (-64.000000 -256.000000 112.000000) (-64.000000 -3.269620 112.000000) (599.749000 19.908700 112.000000) 
4 108 109 (768.000000 -256.000000 112.000000) (609.383354 -256.000000 112.000000) (591.932000 243.772000 112.000000) (768.000000 249.919248 112.000000) 
4 109 113 (609.383354 -256.000000 0.000000) (768.000000 -256.000000 0.000000) (768.000000 -256.000000 1.000000) (609.383354 -256.000000 1.000000) 
4 109 111 (599.749000 19.908700 0.000000) (609.383354 -256.000000 0.000000) (609.383354 -256.000000 112.000000) (599.749000 19.908700 112.000000) 
4 110 125 (-64.000000 220.870754 112.000000) (-64.000000 220.870754 0.000000) (-64.000000 -3.269620 0.000000) (-64.000000 -3.269620 112.000000) 
4 110 111 (487.817000 16.000000 112.000000) (-64.000000 -3.269620 112.000000) (-64.000000 -3.269620 0.000000) (487.817000 16.000000 0.000000) 
4 111 125 (-64.000000 -3.269620 0.000000) (-64.000000 -256.000000 0.000000) (-64.000000 -256.000000 112.000000) (-64.000000 -3.269620 112.000000) 
4 111 114 (-64.000000 -256.000000 0.000000) (160.000000 -256.000000 0.000000) (160.000000 -256.000000 112.000000) (-64.000000 -256.000000 112.000000) 
4 111 112 (512.000000 -256.000000 112.000000) (160.000000 -256.000000 112.000000) (160.000000 -256.000000 1.000000) (512.000000 -256.000000 1.000000) 
4 111 113 (160.000000 -256.000000 0.000000) (609.383354 -256.000000 0.000000) (609.383354 -256.000000 1.000000) (160.000000 -256.000000 1.000000) 
4 112 115 (160.000000 -400.000000 112.000000) (160.000000 -400.000000 192.000000) (160.000000 -288.000000 192.000000) (160.000000 -288.000000 112.000000) 
4 112 116 (160.000000 -400.000000 1.000000) (160.000000 -512.000000 1.000000) (160.000000 -512.000000 192.000000) (160.000000 -400.000000 192.000000) 
4 112 114 (160.000000 -256.000000 192.000000) (160.000000 -256.000000 1.000000) (160.000000 -288.000000 1.000000) (160.000000 -288.000000 192.000000) 
4 112 113 (160.000000 -256.000000 1.000000) (512.000000 -256.000000 1.000000) (512.000000 -512.000000 1.000000) (160.000000 -512.000000 1.000000) 
4 113 116 (160.000000 -400.000000 0.000000) (160.000000 -512.000000 0.000000) (160.000000 -512.000000 1.000000) (160.000000 -400.000000 1.000000) 
4 113 114 (160.000000 -256.000000 1.000000) (160.000000 -256.000000 0.000000) (160.000000 -288.000000 0.000000) (160.000000 -288.000000 1.000000) 
4 114 125 (-64.000000 -256.000000 112.000000) (-64.000000 -256.000000 0.000000) (-64.000000 -288.000000 0.000000) (-64.000000 -288.000000 112.000000) 
4 114 123 (-64.000000 -288.000000 192.000000) (-64.000000 -256.000000 192.000000) (-64.000000 -256.000000 112.000000) (-64.000000 -288.000000 112.000000) 
4 114 115 (160.000000 -288.000000 112.000000) (160.000000 -288.000000 192.000000) (-64.000000 -288.000000 192.000000) (-64.000000 -288.000000 112.000000) 
4 115 123 (-64.000000 -400.000000 192.000000) (-64.000000 -288.000000 192.000000) (-64.000000 -288.000000 112.000000) (-64.000000 -400.000000 112.000000) 
4 115 116 (-64.000000 -400.000000 192.000000) (-64.000000 -400.000000 112.000000) (160.000000 -400.000000 112.000000) (160.000000 -400.000000 192.000000) 
4 116 126 (-64.000000 -512.000000 0.000000) (-64.000000 -512.000000 112.000000) (-64.000000 -416.000000 112.000000) (-64.000000 -416.000000 0.000000) 
4 116 123 (-64.000000 -512.000000 112.000000) (-64.000000 -512.000000 192.000000) (-64.000000 -400.000000 192.000000) (-64.000000 -400.000000 112.000000) 
4 117 133 (-768.000000 -320.000000 544.000000) (-768.000000 320.000000 544.000000) (-768.000000 320.000000 320.000000) (-768.000000 -320.000000 320.000000) 
4 117 131 (-768.000000 320.000000 544.000000) (-768.000000 512.000000 544.000000) (-768.000000 512.000000 320.000000) (-768.000000 320.000000 320.000000) 
4 117 122 (-304.000000 256.000000 256.000000) (-304.000000 -256.000000 256.000000) (-512.000000 -256.000000 256.000000) (-512.000000 256.000000 256.000000) 
4 117 120 (-304.000000 512.000000 256.000000) (-64.000000 512.000000 339.265306) (-64.000000 -320.000000 339.265306) (-304.000000 -320.000000 256.000000) 
4 117 118 (-768.000000 512.000000 320.000000) (-704.000000 512.000000 256.000000) (-704.000000 320.000000 256.000000) (-768.000000 320.000000 320.000000) 
6 117 119 (-768.000000 -320.000000 544.000000) (-768.000000 -320.000000 320.000000) (-704.000000 -320.000000 256.000000) (-304.000000 -320.000000 256.000000) (-64.000000 -320.000000 339.265306) (-64.000000 -320.000000 544.000000) 
4 118 131 (-768.000000 512.000000 320.000000) (-768.000000 512.000000 256.000000) (-768.000000 320.000000 256.000000) (-768.000000 320.000000 320.000000) 
4 119 135 (-768.000000 -512.000000 256.000000) (-768.000000 -512.000000 544.000000) (-768.000000 -320.000000 544.000000) (-768.000000 -320.000000 256.000000) 
4 119 120 (-64.000000 -320.000000 339.265306) (-64.000000 -496.000000 339.265306) (-304.000000 -496.000000 256.000000) (-304.000000 -320.000000 256.000000) 
4 120 122 (-304.000000 -256.000000 256.000000) (-304.000000 256.000000 256.000000) (-64.000000 256.000000 256.000000) (-64.000000 -256.000000 256.000000) 
3 120 121 (-224.000000 -496.000000 256.000000) (-64.000000 -496.000000 256.000000) (-64.000000 -496.000000 310.545455) 
4 122 123 (-512.000000 -256.000000 192.000000) (-512.000000 256.000000 192.000000) (-64.000000 256.000000 192.000000) (-64.000000 -256.000000 192.000000) 
4 123 129 (-512.000000 -256.000000 192.000000) (-512.000000 256.000000 192.000000) (-512.000000 256.000000 112.000000) (-512.000000 -256.000000 112.000000) 
4 123 127 (-512.000000 384.000000 112.000000) (-512.000000 512.000000 112.000000) (-288.000000 512.000000 112.000000) (-288.000000 384.000000 112.000000) 
4 123 128 (-288.000000 -512.000000 112.000000) (-512.000000 -512.000000 112.000000) (-512.000000 272.000000 112.000000) (-288.000000 272.000000 112.000000) 
4 123 125 (-288.000000 -304.000000 112.000000) (-288.000000 256.000000 112.000000) (-64.000000 256.000000 112.000000) (-64.000000 -304.000000 112.000000) 
4 123 126 (-64.000000 -512.000000 112.000000) (-288.000000 -512.000000 112.000000) (-288.000000 -416.000000 112.000000) (-64.000000 -416.000000 112.000000) 
4 123 124 (-288.000000 368.000000 112.000000) (-288.000000 512.000000 112.000000) (-64.000000 512.000000 112.000000) (-64.000000 368.000000 112.000000) 
4 124 127 (-288.000000 512.000000 0.000000) (-288.000000 384.000000 0.000000) (-288.000000 384.000000 112.000000) (-288.000000 512.000000 112.000000) 
4 125 128 (-288.000000 256.000000 0.000000) (-288.000000 -304.000000 0.000000) (-288.000000 -304.000000 112.000000) (-288.000000 256.000000 112.000000) 
4 126 128 (-288.000000 -416.000000 0.000000) (-288.000000 -512.000000 0.000000) (-288.000000 -512.000000 112.000000) (-288.000000 -416.000000 112.000000) 
4 127 130 (-512.000000 512.000000 0.000000) (-512.000000 384.000000 0.000000) (-512.000000 384.000000 1.000000) (-512.000000 512.000000 1.000000) 
4 128 129 (-512.000000 -256.000000 112.000000) (-512.000000 256.000000 112.000000) (-512.000000 256.000000 1.000000) (-512.000000 -256.000000 1.000000) 
4 128 130 (-512.000000 272.000000 0.000000) (-512.000000 -512.000000 0.000000) (-512.000000 -512.000000 1.000000) (-512.000000 272.000000 1.000000) 
4 129 134 (-768.000000 -256.000000 192.000000) (-768.000000 256.000000 192.000000) (-768.000000 256.000000 1.000000) (-768.000000 -256.000000 1.000000) 
4 129 130 (-768.000000 -256.000000 1.000000) (-768.000000 256.000000 1.000000) (-512.000000 256.000000 1.000000) (-512.000000 -256.000000 1.000000) 
4 130 136 (-768.000000 -512.000000 0.000000) (-768.000000 -512.000000 1.000000) (-768.000000 -320.000000 1.000000) (-768.000000 -320.000000 0.000000) 
4 130 134 (-768.000000 -256.000000 1.000000) (-768.000000 256.000000 1.000000) (-768.000000 256.000000 0.000000) (-768.000000 -256.000000 0.000000) 
4 130 132 (-768.000000 320.000000 1.000000) (-768.000000 512.000000 1.000000) (-768.000000 512.000000 0.000000) (-768.000000 320.000000 0.000000) 
4 131 138 (-1280.000000 512.000000 544.000000) (-1280.000000 512.000000 192.000000) (-1280.000000 320.000000 192.000000) (-1280.000000 320.000000 544.000000) 
4 131 133 (-1280.000000 320.000000 544.000000) (-1280.000000 320.000000 256.000000) (-768.000000 320.000000 320.000000) (-768.000000 320.000000 544.000000) 
4 132 139 (-1280.000000 512.000000 128.000000) (-1280.000000 512.000000 0.000000) (-1280.000000 320.000000 0.000000) (-1280.000000 320.000000 128.000000) 
4 132 137 (-1280.000000 320.000000 0.000000) (-1280.000000 512.000000 0.000000) (-768.000000 512.000000 0.000000) (-768.000000 320.000000 0.000000) 
4 133 138 (-1280.000000 -320.000000 256.000000) (-1280.000000 -320.000000 544.000000) (-1280.000000 320.000000 544.000000) (-1280.000000 320.000000 256.000000) 
4 133 135 (-768.000000 -320.000000 320.000000) (-768.000000 -320.000000 544.000000) (-1280.000000 -320.000000 544.000000) (-1280.000000 -320.000000 256.000000) 
4 133 134 (-1280.000000 -256.000000 256.000000) (-1280.000000 256.000000 256.000000) (-768.000000 256.000000 320.000000) (-768.000000 -256.000000 320.000000) 
4 134 138 (-1280.000000 -256.000000 192.000000) (-1280.000000 -256.000000 256.000000) (-1280.000000 256.000000 256.000000) (-1280.000000 256.000000 192.000000) 
4 135 138 (-1280.000000 -512.000000 192.000000) (-1280.000000 -512.000000 544.000000) (-1280.000000 -320.000000 544.000000) (-1280.000000 -320.000000 192.000000) 
4 136 139 (-1280.000000 -320.000000 0.000000) (-1280.000000 -512.000000 0.000000) (-1280.000000 -512.000000 128.000000) (-1280.000000 -320.000000 128.000000) 
4 136 137 (-768.000000 -512.000000 0.000000) (-1280.000000 -512.000000 0.000000) (-1280.000000 -320.000000 0.000000) (-768.000000 -320.000000 0.000000) 
4 137 252 (-1280.000000 512.000000 -32.000000) (-768.000000 512.000000 -32.000000) (-768.000000 -512.000000 -32.000000) (-1280.000000 -512.000000 -32.000000) 
4 137 152 (-1280.000000 -512.000000 -32.000000) (-768.000000 -512.000000 -32.000000) (-768.000000 -512.000000 0.000000) (-1280.000000 -512.000000 0.000000) 
4 137 139 (-1280.000000 512.000000 0.000000) (-1280.000000 512.000000 -32.000000) (-1280.000000 -512.000000 -32.000000) (-1280.000000 -512.000000 0.000000) 
4 138 185 (-1536.000000 256.000000 480.000000) (-1536.000000 256.000000 192.000000) (-1536.000000 -256.000000 192.000000) (-1536.000000 -256.000000 480.000000) 
4 139 252 (-1536.000000 -512.000000 -32.000000) (-1536.000000 512.000000 -32.000000) (-1280.000000 512.000000 -32.000000) (-1280.000000 -512.000000 -32.000000) 
4 139 193 (-1536.000000 -256.000000 -32.000000) (-1536.000000 -512.000000 -32.000000) (-1536.000000 -512.000000 0.000000) (-1536.000000 -256.000000 0.000000) 
4 139 187 (-1536.000000 256.000000 -32.000000) (-1536.000000 -256.000000 -32.000000) (-1536.000000 -256.000000 80.000000) (-1536.000000 256.000000 80.000000) 
4 139 179 (-1536.000000 512.000000 -32.000000) (-1536.000000 256.000000 -32.000000) (-1536.000000 256.000000 0.000000) (-1536.000000 512.000000 0.000000) 
4 139 152 (-1536.000000 -512.000000 0.000000) (-1536.000000 -512.000000 -32.000000) (-1280.000000 -512.000000 -32.000000) (-1280.000000 -512.000000 0.000000) 
4 140 144 (768.000000 -512.000000 1296.000000) (768.000000 -512.000000 1264.000000) (768.000000 -1696.000000 1264.000000) (768.000000 -1696.000000 1296.000000) 
4 140 143 (768.000000 -1696.000000 1264.000000) (768.000000 -1664.000000 1264.000000) (1719.510000 -1664.000000 1264.000000) (1719.510000 -1696.000000 1264.000000) 
4 140 141 (1719.510000 -512.000000 1264.000000) (1760.000000 -512.000000 1264.000000) (1760.000000 -1696.000000 1264.000000) (1719.510000 -1696.000000 1264.000000) 
4 141 148 (1719.510000 -512.000000 592.000000) (1760.000000 -512.000000 592.000000) (1760.000000 -1664.000000 592.000000) (1719.510000 -1664.000000 592.000000) 
4 141 150 (1760.000000 -1664.000000 592.000000) (1760.000000 -1696.000000 592.000000) (1719.510000 -1696.000000 592.000000) (1719.510000 -1664.000000 592.000000) 
4 141 143 (1719.510000 -1696.000000 592.000000) (1719.510000 -1696.000000 1264.000000) (1719.510000 -1664.000000 1264.000000) (1719.510000 -1664.000000 592.000000) 
4 142 151 (768.000000 -1664.000000 592.000000) (768.000000 -528.000000 592.000000) (784.000000 -528.000000 592.000000) (784.000000 -1664.000000 592.000000) 
4 142 149 (784.000000 -512.000000 592.000000) (1719.510000 -512.000000 592.000000) (1719.510000 -1664.000000 592.000000) (784.000000 -1664.000000 592.000000) 
4 142 146 (768.000000 -528.000000 592.000000) (768.000000 -1664.000000 592.000000) (768.000000 -1664.000000 1264.000000) (768.000000 -528.000000 1264.000000) 
4 142 145 (768.000000 -512.000000 1264.000000) (768.000000 -512.000000 800.000000) (768.000000 -528.000000 800.000000) (768.000000 -528.000000 1264.000000) 
4 143 153 (768.000000 -1696.000000 592.000000) (768.000000 -1664.000000 592.000000) (784.000000 -1664.000000 592.000000) (784.000000 -1696.000000 592.000000) 
4 143 150 (784.000000 -1664.000000 592.000000) (1719.510000 -1664.000000 592.000000) (1719.510000 -1696.000000 592.000000) (784.000000 -1696.000000 592.000000) 
4 143 147 (768.000000 -1664.000000 592.000000) (768.000000 -1696.000000 592.000000) (768.000000 -1696.000000 1264.000000) (768.000000 -1664.000000 1264.000000) 
4 144 170 (-1536.000000 -1696.000000 1296.000000) (-1536.000000 -1024.000000 1296.000000) (-1536.000000 -1024.000000 1264.000000) (-1536.000000 -1696.000000 1264.000000) 
4 144 158 (-1536.000000 -1024.000000 1296.000000) (-1536.000000 -512.000000 1296.000000) (-1536.000000 -512.000000 1264.000000) (-1536.000000 -1024.000000 1264.000000) 
4 144 147 (-1536.000000 -1696.000000 1264.000000) (-1536.000000 -1664.000000 1264.000000) (768.000000 -1664.000000 1264.000000) (768.000000 -1696.000000 1264.000000) 
4 145 159 (-1536.000000 -512.000000 1264.000000) (-1536.000000 -512.000000 800.000000) (-1536.000000 -528.000000 800.000000) (-1536.000000 -528.000000 1264.000000) 
5 145 146 (-1536.000000 -528.000000 1264.000000) (-1536.000000 -528.000000 592.000000) (-16.000000 -528.000000 592.000000) (768.000000 -528.000000 800.000000) (768.000000 -528.000000 1264.000000) 
4 146 200 (-1536.000000 -1120.000000 592.000000) (-1536.000000 -1664.000000 592.000000) (-1536.000000 -1664.000000 624.000000) (-1536.000000 -1120.000000 624.000000) 
4 146 171 (-1536.000000 -1664.000000 624.000000) (-1536.000000 -1664.000000 1264.000000) (-1536.000000 -1024.000000 1264.000000) (-1536.000000 -1024.000000 624.000000) 
3 146 160 (-1536.000000 -1024.000000 656.000000) (-1536.000000 -1024.000000 800.000000) (-1536.000000 -768.000000 800.000000) 
4 146 159 (-1536.000000 -1024.000000 1264.000000) (-1536.000000 -528.000000 1264.000000) (-1536.000000 -528.000000 800.000000) (-1536.000000 -1024.000000 800.000000) 
4 146 151 (-1536.000000 -1664.000000 592.000000) (-1536.000000 -528.000000 592.000000) (768.000000 -528.000000 592.000000) (768.000000 -1664.000000 592.000000) 
4 147 201 (-1536.000000 -1664.000000 592.000000) (-1536.000000 -1696.000000 592.000000) (-1536.000000 -1696.000000 624.000000) (-1536.000000 -1664.000000 624.000000) 
4 147 172 (-1536.000000 -1696.000000 624.000000) (-1536.000000 -1696.000000 1264.000000) (-1536.000000 -1664.000000 1264.000000) (-1536.000000 -1664.000000 624.000000) 
4 147 153 (-1536.000000 -1696.000000 592.000000) (-1536.000000 -1664.000000 592.000000) (768.000000 -1664.000000 592.000000) (768.000000 -1696.000000 592.000000) 
4 148 250 (1719.510000 -512.000000 -32.000000) (1760.000000 -512.000000 -32.000000) (1760.000000 -1664.000000 -32.000000) (1719.510000 -1664.000000 -32.000000) 
4 148 150 (1719.510000 -1664.000000 -32.000000) (1760.000000 -1664.000000 -32.000000) (1760.000000 -1664.000000 592.000000) (1719.510000 -1664.000000 592.000000) 
4 149 252 (784.000000 -1664.000000 -32.000000) (784.000000 -512.000000 -32.000000) (1719.510000 -512.000000 -32.000000) (1719.510000 -1664.000000 -32.000000) 
4 149 151 (784.000000 -1664.000000 0.000000) (784.000000 -1664.000000 592.000000) (784.000000 -528.000000 592.000000) (784.000000 -528.000000 0.000000) 
4 149 152 (784.000000 -512.000000 -32.000000) (784.000000 -1664.000000 -32.000000) (784.000000 -1664.000000 0.000000) (784.000000 -512.000000 0.000000) 
4 150 253 (784.000000 -1696.000000 -32.000000) (784.000000 -1664.000000 -32.000000) (1760.000000 -1664.000000 -32.000000) (1760.000000 -1696.000000 -32.000000) 
4 150 153 (784.000000 -1664.000000 -32.000000) (784.000000 -1696.000000 -32.000000) (784.000000 -1696.000000 592.000000) (784.000000 -1664.000000 592.000000) 
4 151 200 (-1536.000000 -1664.000000 0.000000) (-1536.000000 -1664.000000 592.000000) (-1536.000000 -1120.000000 592.000000) (-1536.000000 -1120.000000 0.000000) 
4 151 152 (-1536.000000 -1664.000000 0.000000) (-1536.000000 -528.000000 0.000000) (784.000000 -528.000000 0.000000) (784.000000 -1664.000000 0.000000) 
4 152 252 (-1536.000000 -1664.000000 -32.000000) (-1536.000000 -512.000000 -32.000000) (784.000000 -512.000000 -32.000000) (784.000000 -1664.000000 -32.000000) 
4 152 200 (-1536.000000 -1120.000000 -32.000000) (-1536.000000 -1664.000000 -32.000000) (-1536.000000 -1664.000000 0.000000) (-1536.000000 -1120.000000 0.000000) 
4 152 199 (-1536.000000 -1024.000000 -32.000000) (-1536.000000 -1120.000000 -32.000000) (-1536.000000 -1120.000000 0.000000) (-1536.000000 -1024.000000 0.000000) 
4 152 193 (-1536.000000 -512.000000 -32.000000) (-1536.000000 -1024.000000 -32.000000) (-1536.000000 -1024.000000 0.000000) (-1536.000000 -512.000000 0.000000) 
4 153 253 (-1536.000000 -1696.000000 -32.000000) (-1536.000000 -1664.000000 -32.000000) (784.000000 -1664.000000 -32.000000) (784.000000 -1696.000000 -32.000000) 
4 153 201 (-1536.000000 -1664.000000 -32.000000) (-1536.000000 -1696.000000 -32.000000) (-1536.000000 -1696.000000 592.000000) (-1536.000000 -1664.000000 592.000000) 
4 154 174 (-1536.000000 2688.000000 624.000000) (-1536.000000 2656.000000 624.000000) (-3908.000000 2656.000000 624.000000) (-3908.000000 2688.000000 624.000000) 
4 154 155 (-1536.000000 2656.000000 1264.000000) (-1536.000000 2656.000000 1296.000000) (-3867.510000 2656.000000 1296.000000) (-3867.510000 2656.000000 1264.000000) 
4 154 157 (-3908.000000 2656.000000 624.000000) (-3867.510000 2656.000000 624.000000) (-3867.510000 2656.000000 1296.000000) (-3908.000000 2656.000000 1296.000000) 
4 155 163 (-2144.000000 1024.000000 1296.000000) (-3867.510000 1024.000000 1296.000000) (-3867.510000 1024.000000 1264.000000) (-2144.000000 1024.000000 1264.000000) 
4 155 158 (-1536.000000 1024.000000 1264.000000) (-1536.000000 1024.000000 1296.000000) (-2144.000000 1024.000000 1296.000000) (-2144.000000 1024.000000 1264.000000) 
4 155 157 (-3867.510000 2656.000000 1296.000000) (-3867.510000 2656.000000 1264.000000) (-3867.510000 1024.000000 1264.000000) (-3867.510000 1024.000000 1296.000000) 
4 156 176 (-3648.000000 1024.000000 624.000000) (-3867.510000 1024.000000 624.000000) (-3867.510000 1152.000000 624.000000) (-3648.000000 1152.000000 624.000000) 
4 156 175 (-1536.000000 2656.000000 624.000000) (-1536.000000 1152.000000 624.000000) (-3867.510000 1152.000000 624.000000) (-3867.510000 2656.000000 624.000000) 
4 156 168 (-3867.510000 1024.000000 624.000000) (-3648.000000 1024.000000 624.000000) (-3648.000000 1024.000000 1264.000000) (-3867.510000 1024.000000 1264.000000) 
4 156 166 (-2144.000000 1024.000000 656.000000) (-2144.000000 1024.000000 800.000000) (-3648.000000 1024.000000 800.000000) (-3648.000000 1024.000000 656.000000) 
4 156 165 (-2144.000000 1024.000000 800.000000) (-2144.000000 1024.000000 1264.000000) (-3648.000000 1024.000000 1264.000000) (-3648.000000 1024.000000 800.000000) 
4 156 161 (-1536.000000 1024.000000 656.000000) (-1536.000000 1024.000000 800.000000) (-2144.000000 1024.000000 800.000000) (-2144.000000 1024.000000 656.000000) 
4 156 159 (-1536.000000 1024.000000 800.000000) (-1536.000000 1024.000000 1264.000000) (-2144.000000 1024.000000 1264.000000) (-2144.000000 1024.000000 800.000000) 
4 157 178 (-3867.510000 1024.000000 624.000000) (-3908.000000 1024.000000 624.000000) (-3908.000000 2656.000000 624.000000) (-3867.510000 2656.000000 624.000000) 
4 157 169 (-3908.000000 1024.000000 624.000000) (-3867.510000 1024.000000 624.000000) (-3867.510000 1024.000000 1264.000000) (-3908.000000 1024.000000 1264.000000) 
4 157 163 (-3867.510000 1024.000000 1264.000000) (-3867.510000 1024.000000 1296.000000) (-3908.000000 1024.000000 1296.000000) (-3908.000000 1024.000000 1264.000000) 
4 158 170 (-1536.000000 -1024.000000 1264.000000) (-1536.000000 -1024.000000 1296.000000) (-2144.000000 -1024.000000 1296.000000) (-2144.000000 -1024.000000 1264.000000) 
4 158 163 (-2144.000000 -1024.000000 1264.000000) (-2144.000000 -1024.000000 1296.000000) (-2144.000000 1024.000000 1296.000000) (-2144.000000 1024.000000 1264.000000) 
4 159 171 (-1536.000000 -1024.000000 800.000000) (-1536.000000 -1024.000000 1264.000000) (-2144.000000 -1024.000000 1264.000000) (-2144.000000 -1024.000000 800.000000) 
4 159 165 (-2144.000000 56.888889 1264.000000) (-2144.000000 1024.000000 1264.000000) (-2144.000000 1024.000000 800.000000) (-2144.000000 -768.000000 800.000000) 
4 159 164 (-2144.000000 -1024.000000 800.000000) (-2144.000000 -1024.000000 1264.000000) (-2144.000000 56.888889 1264.000000) (-2144.000000 -768.000000 800.000000) 
4 159 161 (-2144.000000 768.000000 800.000000) (-2144.000000 1024.000000 800.000000) (-1536.000000 1024.000000 800.000000) (-1536.000000 768.000000 800.000000) 
4 159 160 (-2144.000000 -1024.000000 800.000000) (-2144.000000 -768.000000 800.000000) (-1536.000000 -768.000000 800.000000) (-1536.000000 -1024.000000 800.000000) 
4 160 171 (-1536.000000 -1024.000000 656.000000) (-1536.000000 -1024.000000 800.000000) (-2144.000000 -1024.000000 800.000000) (-2144.000000 -1024.000000 656.000000) 
3 160 164 (-2144.000000 -1024.000000 656.000000) (-2144.000000 -1024.000000 800.000000) (-2144.000000 -768.000000 800.000000) 
3 161 166 (-2144.000000 768.000000 800.000000) (-2144.000000 1024.000000 800.000000) (-2144.000000 1024.000000 656.000000) 
4 162 194 (-1728.000000 -1024.000000 624.000000) (-2048.000000 -1024.000000 624.000000) (-2048.000000 -256.000000 624.000000) (-1728.000000 -256.000000 624.000000) 
4 162 188 (-2048.000000 -256.000000 624.000000) (-2048.000000 256.000000 624.000000) (-1728.000000 256.000000 624.000000) (-1728.000000 -256.000000 624.000000) 
4 162 180 (-2048.000000 256.000000 624.000000) (-2048.000000 1024.000000 624.000000) (-1728.000000 1024.000000 624.000000) (-1728.000000 256.000000 624.000000) 
4 163 170 (-2144.000000 -1024.000000 1264.000000) (-2144.000000 -1024.000000 1296.000000) (-3908.000000 -1024.000000 1296.000000) (-3908.000000 -1024.000000 1264.000000) 
4 163 169 (-3908.000000 1024.000000 1264.000000) (-3867.510000 1024.000000 1264.000000) (-3867.510000 -1024.000000 1264.000000) (-3908.000000 -1024.000000 1264.000000) 
4 164 171 (-2144.000000 -1024.000000 656.000000) (-2144.000000 -1024.000000 1264.000000) (-3648.000000 -1024.000000 1264.000000) (-3648.000000 -1024.000000 656.000000) 
3 164 168 (-3648.000000 -1024.000000 656.000000) (-3648.000000 -1024.000000 1264.000000) (-3648.000000 56.888889 1264.000000) 
4 164 165 (-3648.000000 56.888889 1264.000000) (-2144.000000 56.888889 1264.000000) (-2144.000000 -768.000000 800.000000) (-3648.000000 -768.000000 800.000000) 
4 165 168 (-3648.000000 1024.000000 1264.000000) (-3648.000000 1024.000000 800.000000) (-3648.000000 -768.000000 800.000000) (-3648.000000 56.888889 1264.000000) 
4 165 166 (-3648.000000 768.000000 800.000000) (-3648.000000 1024.000000 800.000000) (-2144.000000 1024.000000 800.000000) (-2144.000000 768.000000 800.000000) 
3 166 168 (-3648.000000 1024.000000 800.000000) (-3648.000000 1024.000000 656.000000) (-3648.000000 768.000000 800.000000) 
4 167 233 (-2896.000000 -1024.000000 624.000000) (-3552.000000 -1024.000000 624.000000) (-3552.000000 -384.000000 624.000000) (-2896.000000 -384.000000 624.000000) 
4 167 222 (-2144.000000 -1024.000000 624.000000) (-2896.000000 -1024.000000 624.000000) (-2896.000000 -384.000000 624.000000) (-2144.000000 -384.000000 624.000000) 
4 167 211 (-3552.000000 -384.000000 624.000000) (-3552.000000 1024.000000 624.000000) (-3120.000000 1024.000000 624.000000) (-3120.000000 -384.000000 624.000000) 
4 167 209 (-2144.000000 512.000000 624.000000) (-2144.000000 -384.000000 624.000000) (-3120.000000 -384.000000 624.000000) (-3120.000000 512.000000 624.000000) 
4 167 202 (-3120.000000 1024.000000 624.000000) (-2144.000000 1024.000000 624.000000) (-2144.000000 512.000000 624.000000) (-3120.000000 512.000000 624.000000) 
4 168 243 (-3648.000000 -1024.000000 624.000000) (-3867.510000 -1024.000000 624.000000) (-3867.510000 -384.000000 624.000000) (-3648.000000 -384.000000 624.000000) 
4 168 220 (-3867.510000 -384.000000 624.000000) (-3867.510000 1024.000000 624.000000) (-3648.000000 1024.000000 624.000000) (-3648.000000 -384.000000 624.000000) 
4 168 171 (-3867.510000 -1024.000000 624.000000) (-3648.000000 -1024.000000 624.000000) (-3648.000000 -1024.000000 1264.000000) (-3867.510000 -1024.000000 1264.000000) 
4 169 244 (-3867.510000 -1024.000000 624.000000) (-3908.000000 -1024.000000 624.000000) (-3908.000000 -384.000000 624.000000) (-3867.510000 -384.000000 624.000000) 
4 169 221 (-3908.000000 -384.000000 624.000000) (-3908.000000 1024.000000 624.000000) (-3867.510000 1024.000000 624.000000) (-3867.510000 -384.000000 624.000000) 
4 169 173 (-3908.000000 -1024.000000 624.000000) (-3867.510000 -1024.000000 624.000000) (-3867.510000 -1024.000000 1264.000000) (-3908.000000 -1024.000000 1264.000000) 
4 170 172 (-1536.000000 -1664.000000 1264.000000) (-1536.000000 -1696.000000 1264.000000) (-3867.510000 -1696.000000 1264.000000) (-3867.510000 -1664.000000 1264.000000) 
4 170 173 (-3908.000000 -1696.000000 1264.000000) (-3908.000000 -1024.000000 1264.000000) (-3867.510000 -1024.000000 1264.000000) (-3867.510000 -1696.000000 1264.000000) 
4 171 245 (-3867.510000 -1120.000000 624.000000) (-3867.510000 -1024.000000 624.000000) (-3648.000000 -1024.000000 624.000000) (-3648.000000 -1120.000000 624.000000) 
4 171 247 (-2144.000000 -1664.000000 624.000000) (-3867.510000 -1664.000000 624.000000) (-3867.510000 -1120.000000 624.000000) (-2144.000000 -1120.000000 624.000000) 
4 171 200 (-1536.000000 -1120.000000 624.000000) (-1536.000000 -1664.000000 624.000000) (-2144.000000 -1664.000000 624.000000) (-2144.000000 -1120.000000 624.000000) 
4 172 249 (-2144.000000 -1696.000000 624.000000) (-3867.510000 -1696.000000 624.000000) (-3867.510000 -1664.000000 624.000000) (-2144.000000 -1664.000000 624.000000) 
4 172 201 (-1536.000000 -1664.000000 624.000000) (-1536.000000 -1696.000000 624.000000) (-2144.000000 -1696.000000 624.000000) (-2144.000000 -1664.000000 624.000000) 
4 172 173 (-3867.510000 -1664.000000 624.000000) (-3867.510000 -1696.000000 624.000000) (-3867.510000 -1696.000000 1264.000000) (-3867.510000 -1664.000000 1264.000000) 
4 173 248 (-3908.000000 -1664.000000 624.000000) (-3908.000000 -1024.000000 624.000000) (-3867.510000 -1024.000000 624.000000) (-3867.510000 -1664.000000 624.000000) 
4 173 249 (-3867.510000 -1696.000000 624.000000) (-3908.000000 -1696.000000 624.000000) (-3908.000000 -1664.000000 624.000000) (-3867.510000 -1664.000000 624.000000) 
4 174 251 (-3867.510000 2688.000000 -32.000000) (-1536.000000 2688.000000 -32.000000) (-1536.000000 2656.000000 -32.000000) (-3867.510000 2656.000000 -32.000000) 
4 174 254 (-3908.000000 2688.000000 -32.000000) (-3867.510000 2688.000000 -32.000000) (-3867.510000 2656.000000 -32.000000) (-3908.000000 2656.000000 -32.000000) 
4 174 178 (-3908.000000 2656.000000 -32.000000) (-3867.510000 2656.000000 -32.000000) (-3867.510000 2656.000000 624.000000) (-3908.000000 2656.000000 624.000000) 
4 175 252 (-1536.000000 2656.000000 -32.000000) (-1536.000000 1152.000000 -32.000000) (-3867.510000 1152.000000 -32.000000) (-3867.510000 2656.000000 -32.000000) 
4 175 176 (-3648.000000 1152.000000 624.000000) (-3867.510000 1152.000000 624.000000) (-3867.510000 1152.000000 0.000000) (-3648.000000 1152.000000 0.000000) 
4 175 177 (-3867.510000 1152.000000 -32.000000) (-1536.000000 1152.000000 -32.000000) (-1536.000000 1152.000000 0.000000) (-3867.510000 1152.000000 0.000000) 
4 176 220 (-3648.000000 1024.000000 624.000000) (-3867.510000 1024.000000 624.000000) (-3867.510000 1024.000000 0.000000) (-3648.000000 1024.000000 0.000000) 
4 176 177 (-3648.000000 1024.000000 0.000000) (-3867.510000 1024.000000 0.000000) (-3867.510000 1152.000000 0.000000) (-3648.000000 1152.000000 0.000000) 
4 177 252 (-1536.000000 1152.000000 -32.000000) (-1536.000000 1024.000000 -32.000000) (-3867.510000 1024.000000 -32.000000) (-3867.510000 1152.000000 -32.000000) 
4 177 220 (-3867.510000 1024.000000 0.000000) (-3867.510000 1024.000000 -32.000000) (-3648.000000 1024.000000 -32.000000) (-3648.000000 1024.000000 0.000000) 
4 177 219 (-3648.000000 1024.000000 -32.000000) (-3552.000000 1024.000000 -32.000000) (-3552.000000 1024.000000 0.000000) (-3648.000000 1024.000000 0.000000) 
4 177 218 (-3552.000000 1024.000000 -32.000000) (-3120.000000 1024.000000 -32.000000) (-3120.000000 1024.000000 0.000000) (-3552.000000 1024.000000 0.000000) 
4 177 208 (-3120.000000 1024.000000 -32.000000) (-2144.000000 1024.000000 -32.000000) (-2144.000000 1024.000000 0.000000) (-3120.000000 1024.000000 0.000000) 
4 177 184 (-2144.000000 1024.000000 -32.000000) (-2048.000000 1024.000000 -32.000000) (-2048.000000 1024.000000 0.000000) (-2144.000000 1024.000000 0.000000) 
4 177 181 (-2048.000000 1024.000000 -32.000000) (-1728.000000 1024.000000 -32.000000) (-1728.000000 1024.000000 0.000000) (-2048.000000 1024.000000 0.000000) 
4 177 179 (-1728.000000 1024.000000 -32.000000) (-1536.000000 1024.000000 -32.000000) (-1536.000000 1024.000000 0.000000) (-1728.000000 1024.000000 0.000000) 
4 178 254 (-3867.510000 1024.000000 -32.000000) (-3908.000000 1024.000000 -32.000000) (-3908.000000 2656.000000 -32.000000) (-3867.510000 2656.000000 -32.000000) 
4 178 221 (-3867.510000 1024.000000 624.000000) (-3908.000000 1024.000000 624.000000) (-3908.000000 1024.000000 -32.000000) (-3867.510000 1024.000000 -32.000000) 
4 179 252 (-1728.000000 1024.000000 -32.000000) (-1536.000000 1024.000000 -32.000000) (-1536.000000 256.000000 -32.000000) (-1728.000000 256.000000 -32.000000) 
4 179 187 (-1728.000000 256.000000 -32.000000) (-1536.000000 256.000000 -32.000000) (-1536.000000 256.000000 0.000000) (-1728.000000 256.000000 0.000000) 
4 179 181 (-1728.000000 1024.000000 -32.000000) (-1728.000000 256.000000 -32.000000) (-1728.000000 256.000000 0.000000) (-1728.000000 1024.000000 0.000000) 
4 180 188 (-1728.000000 256.000000 256.000000) (-1728.000000 256.000000 624.000000) (-2048.000000 256.000000 624.000000) (-2048.000000 256.000000 256.000000) 
5 180 183 (-2048.000000 672.000000 178.000000) (-2048.000000 512.000000 208.000000) (-2048.000000 352.000000 240.000000) (-2048.000000 352.000000 448.000000) (-2048.000000 672.000000 448.000000) 
4 180 182 (-2048.000000 1024.000000 448.000000) (-2048.000000 1024.000000 160.000000) (-2048.000000 768.000000 160.000000) (-2048.000000 768.000000 448.000000) 
4 181 252 (-2048.000000 1024.000000 -32.000000) (-1728.000000 1024.000000 -32.000000) (-1728.000000 256.000000 -32.000000) (-2048.000000 256.000000 -32.000000) 
4 181 189 (-2048.000000 256.000000 -32.000000) (-1728.000000 256.000000 -32.000000) (-1728.000000 256.000000 64.000000) (-2048.000000 256.000000 64.000000) 
4 181 184 (-2048.000000 1024.000000 0.000000) (-2048.000000 1024.000000 -32.000000) (-2048.000000 256.000000 -32.000000) (-2048.000000 256.000000 0.000000) 
4 182 204 (-2144.000000 880.000000 128.000000) (-2144.000000 768.000000 128.000000) (-2144.000000 768.000000 176.000000) (-2144.000000 880.000000 176.000000) 
4 182 203 (-2144.000000 1024.000000 176.000000) (-2144.000000 1024.000000 128.000000) (-2144.000000 880.000000 128.000000) (-2144.000000 880.000000 176.000000) 
4 182 202 (-2144.000000 1024.000000 448.000000) (-2144.000000 1024.000000 176.000000) (-2144.000000 768.000000 176.000000) (-2144.000000 768.000000 448.000000) 
4 183 209 (-2144.000000 352.000000 240.000000) (-2144.000000 352.000000 448.000000) (-2144.000000 512.000000 448.000000) (-2144.000000 512.000000 208.000000) 
4 183 202 (-2144.000000 512.000000 448.000000) (-2144.000000 672.000000 448.000000) (-2144.000000 672.000000 176.000000) (-2144.000000 512.000000 208.000000) 
4 184 252 (-2144.000000 256.000000 -32.000000) (-2144.000000 1024.000000 -32.000000) (-2048.000000 1024.000000 -32.000000) (-2048.000000 256.000000 -32.000000) 
4 184 210 (-2144.000000 512.000000 -32.000000) (-2144.000000 256.000000 -32.000000) (-2144.000000 256.000000 0.000000) (-2144.000000 512.000000 0.000000) 
4 184 208 (-2144.000000 1024.000000 0.000000) (-2144.000000 1024.000000 -32.000000) (-2144.000000 512.000000 -32.000000) (-2144.000000 512.000000 0.000000) 
4 184 192 (-2144.000000 256.000000 -32.000000) (-2048.000000 256.000000 -32.000000) (-2048.000000 256.000000 0.000000) (-2144.000000 256.000000 0.000000) 
4 185 188 (-1728.000000 -256.000000 256.000000) (-1728.000000 -256.000000 480.000000) (-1728.000000 256.000000 480.000000) (-1728.000000 256.000000 256.000000) 
4 187 252 (-1728.000000 256.000000 -32.000000) (-1536.000000 256.000000 -32.000000) (-1536.000000 -256.000000 -32.000000) (-1728.000000 -256.000000 -32.000000) 
4 187 193 (-1728.000000 -256.000000 -32.000000) (-1536.000000 -256.000000 -32.000000) (-1536.000000 -256.000000 0.000000) (-1728.000000 -256.000000 0.000000) 
4 187 189 (-1728.000000 256.000000 -32.000000) (-1728.000000 -256.000000 -32.000000) (-1728.000000 -256.000000 64.000000) (-1728.000000 256.000000 64.000000) 
4 188 194 (-1728.000000 -256.000000 256.000000) (-1728.000000 -256.000000 624.000000) (-2048.000000 -256.000000 624.000000) (-2048.000000 -256.000000 256.000000) 
4 188 191 (-2048.000000 -96.000000 256.000000) (-2048.000000 -256.000000 256.000000) (-2048.000000 -256.000000 448.000000) (-2048.000000 -96.000000 448.000000) 
4 188 190 (-2048.000000 256.000000 448.000000) (-2048.000000 256.000000 256.000000) (-2048.000000 96.000000 256.000000) (-2048.000000 96.000000 448.000000) 
4 189 252 (-2048.000000 256.000000 -32.000000) (-1728.000000 256.000000 -32.000000) (-1728.000000 -256.000000 -32.000000) (-2048.000000 -256.000000 -32.000000) 
4 189 195 (-2048.000000 -256.000000 -32.000000) (-1728.000000 -256.000000 -32.000000) (-1728.000000 -256.000000 64.000000) (-2048.000000 -256.000000 64.000000) 
4 189 192 (-2048.000000 256.000000 0.000000) (-2048.000000 256.000000 -32.000000) (-2048.000000 -256.000000 -32.000000) (-2048.000000 -256.000000 0.000000) 
4 190 209 (-2144.000000 96.000000 448.000000) (-2144.000000 256.000000 448.000000) (-2144.000000 256.000000 256.000000) (-2144.000000 96.000000 256.000000) 
4 191 209 (-2144.000000 -256.000000 256.000000) (-2144.000000 -256.000000 448.000000) (-2144.000000 -96.000000 448.000000) (-2144.000000 -96.000000 256.000000) 
4 192 252 (-2144.000000 -256.000000 -32.000000) (-2144.000000 256.000000 -32.000000) (-2048.000000 256.000000 -32.000000) (-2048.000000 -256.000000 -32.000000) 
4 192 210 (-2144.000000 256.000000 -32.000000) (-2144.000000 -256.000000 -32.000000) (-2144.000000 -256.000000 0.000000) (-2144.000000 256.000000 0.000000) 
4 192 198 (-2144.000000 -256.000000 0.000000) (-2144.000000 -256.000000 -32.000000) (-2048.000000 -256.000000 -32.000000) (-2048.000000 -256.000000 0.000000) 
4 193 252 (-1728.000000 -256.000000 -32.000000) (-1536.000000 -256.000000 -32.000000) (-1536.000000 -1024.000000 -32.000000) (-1728.000000 -1024.000000 -32.000000) 
4 193 199 (-1728.000000 -1024.000000 -32.000000) (-1536.000000 -1024.000000 -32.000000) (-1536.000000 -1024.000000 0.000000) (-1728.000000 -1024.000000 0.000000) 
4 193 195 (-1728.000000 -256.000000 -32.000000) (-1728.000000 -1024.000000 -32.000000) (-1728.000000 -1024.000000 0.000000) (-1728.000000 -256.000000 0.000000) 
4 194 197 (-2048.000000 -768.000000 160.000000) (-2048.000000 -1024.000000 160.000000) (-2048.000000 -1024.000000 448.000000) (-2048.000000 -768.000000 448.000000) 
5 194 196 (-2048.000000 -512.000000 208.000000) (-2048.000000 -672.000000 178.000000) (-2048.000000 -672.000000 448.000000) (-2048.000000 -352.000000 448.000000) (-2048.000000 -352.000000 240.000000) 
4 195 252 (-2048.000000 -256.000000 -32.000000) (-1728.000000 -256.000000 -32.000000) (-1728.000000 -1024.000000 -32.000000) (-2048.000000 -1024.000000 -32.000000) 
4 195 199 (-2048.000000 -1024.000000 -32.000000) (-1728.000000 -1024.000000 -32.000000) (-1728.000000 -1024.000000 0.000000) (-2048.000000 -1024.000000 0.000000) 
4 195 198 (-2048.000000 -256.000000 0.000000) (-2048.000000 -256.000000 -32.000000) (-2048.000000 -1024.000000 -32.000000) (-2048.000000 -1024.000000 0.000000) 
4 196 222 (-2144.000000 -672.000000 448.000000) (-2144.000000 -384.000000 448.000000) (-2144.000000 -384.000000 233.600000) (-2144.000000 -672.000000 176.000000) 
4 196 209 (-2144.000000 -384.000000 448.000000) (-2144.000000 -352.000000 448.000000) (-2144.000000 -352.000000 240.000000) (-2144.000000 -384.000000 233.600000) 
4 197 231 (-2144.000000 -1024.000000 128.000000) (-2144.000000 -1024.000000 176.000000) (-2144.000000 -768.000000 176.000000) (-2144.000000 -768.000000 128.000000) 
4 197 222 (-2144.000000 -1024.000000 176.000000) (-2144.000000 -1024.000000 448.000000) (-2144.000000 -768.000000 448.000000) (-2144.000000 -768.000000 176.000000) 
4 198 252 (-2144.000000 -1024.000000 -32.000000) (-2144.000000 -256.000000 -32.000000) (-2048.000000 -256.000000 -32.000000) (-2048.000000 -1024.000000 -32.000000) 
4 198 232 (-2144.000000 -384.000000 -32.000000) (-2144.000000 -1024.000000 -32.000000) (-2144.000000 -1024.000000 0.000000) (-2144.000000 -384.000000 0.000000) 
4 198 210 (-2144.000000 -256.000000 -32.000000) (-2144.000000 -384.000000 -32.000000) (-2144.000000 -384.000000 0.000000) (-2144.000000 -256.000000 0.000000) 
4 198 199 (-2144.000000 -1024.000000 -32.000000) (-2048.000000 -1024.000000 -32.000000) (-2048.000000 -1024.000000 0.000000) (-2144.000000 -1024.000000 0.000000) 
4 199 252 (-2144.000000 -1120.000000 -32.000000) (-2144.000000 -1024.000000 -32.000000) (-1536.000000 -1024.000000 -32.000000) (-1536.000000 -1120.000000 -32.000000) 
4 199 246 (-2144.000000 -1024.000000 -32.000000) (-2144.000000 -1120.000000 -32.000000) (-2144.000000 -1120.000000 0.000000) (-2144.000000 -1024.000000 0.000000) 
4 199 200 (-2144.000000 -1120.000000 0.000000) (-2144.000000 -1120.000000 -32.000000) (-1536.000000 -1120.000000 -32.000000) (-1536.000000 -1120.000000 0.000000) 
4 200 252 (-2144.000000 -1664.000000 -32.000000) (-2144.000000 -1120.000000 -32.000000) (-1536.000000 -1120.000000 -32.000000) (-1536.000000 -1664.000000 -32.000000) 
4 200 247 (-2144.000000 -1120.000000 -32.000000) (-2144.000000 -1664.000000 -32.000000) (-2144.000000 -1664.000000 624.000000) (-2144.000000 -1120.000000 624.000000) 
4 201 253 (-2144.000000 -1696.000000 -32.000000) (-2144.000000 -1664.000000 -32.000000) (-1536.000000 -1664.000000 -32.000000) (-1536.000000 -1696.000000 -32.000000) 
4 201 249 (-2144.000000 -1664.000000 -32.000000) (-2144.000000 -1696.000000 -32.000000) (-2144.000000 -1696.000000 624.000000) (-2144.000000 -1664.000000 624.000000) 
4 202 212 (-3120.000000 512.000000 176.000000) (-3120.000000 512.000000 352.000000) (-3120.000000 1024.000000 416.000000) (-3120.000000 1024.000000 176.000000) 
4 202 211 (-3120.000000 512.000000 352.000000) (-3120.000000 512.000000 624.000000) (-3120.000000 1024.000000 624.000000) (-3120.000000 1024.000000 416.000000) 
4 202 209 (-2144.000000 512.000000 176.000000) (-2144.000000 512.000000 624.000000) (-3120.000000 512.000000 624.000000) (-3120.000000 512.000000 176.000000) 
4 202 207 (-3120.000000 624.000000 176.000000) (-3120.000000 768.000000 176.000000) (-2896.000000 768.000000 176.000000) (-2896.000000 624.000000 176.000000) 
4 202 206 (-2144.000000 512.000000 176.000000) (-2896.000000 512.000000 176.000000) (-2896.000000 768.000000 176.000000) (-2144.000000 768.000000 176.000000) 
4 202 204 (-2144.000000 880.000000 176.000000) (-2144.000000 768.000000 176.000000) (-2560.000000 768.000000 176.000000) (-2560.000000 880.000000 176.000000) 
4 202 203 (-2784.000000 1024.000000 176.000000) (-2144.000000 1024.000000 176.000000) (-2144.000000 880.000000 176.000000) (-2784.000000 880.000000 176.000000) 
4 202 205 (-3120.000000 768.000000 176.000000) (-3120.000000 1024.000000 176.000000) (-2784.000000 1024.000000 176.000000) (-2784.000000 768.000000 176.000000) 
5 203 204 (-2560.000000 880.000000 64.000000) (-2336.000000 880.000000 64.000000) (-2144.000000 880.000000 128.000000) (-2144.000000 880.000000 176.000000) (-2560.000000 880.000000 176.000000) 
4 203 205 (-2784.000000 880.000000 176.000000) (-2784.000000 1024.000000 176.000000) (-2784.000000 1024.000000 64.000000) (-2784.000000 880.000000 64.000000) 
5 204 206 (-2560.000000 768.000000 64.000000) (-2336.000000 768.000000 64.000000) (-2144.000000 768.000000 128.000000) (-2144.000000 768.000000 176.000000) (-2560.000000 768.000000 176.000000) 
4 205 212 (-3120.000000 768.000000 176.000000) (-3120.000000 1024.000000 176.000000) (-3120.000000 1024.000000 64.000000) (-3120.000000 768.000000 64.000000) 
4 205 207 (-3120.000000 768.000000 176.000000) (-3120.000000 768.000000 64.000000) (-2896.000000 768.000000 64.000000) (-2896.000000 768.000000 176.000000) 
4 205 206 (-2896.000000 768.000000 64.000000) (-2784.000000 768.000000 64.000000) (-2784.000000 768.000000 176.000000) (-2896.000000 768.000000 176.000000) 
4 206 209 (-2144.000000 512.000000 64.000000) (-2144.000000 512.000000 176.000000) (-2896.000000 512.000000 176.000000) (-2896.000000 512.000000 64.000000) 
4 206 207 (-2896.000000 768.000000 176.000000) (-2896.000000 768.000000 64.000000) (-2896.000000 624.000000 64.000000) (-2896.000000 624.000000 176.000000) 
4 207 212 (-3120.000000 624.000000 176.000000) (-3120.000000 768.000000 176.000000) (-3120.000000 768.000000 64.000000) (-3120.000000 624.000000 64.000000) 
4 208 252 (-3120.000000 1024.000000 -32.000000) (-2144.000000 1024.000000 -32.000000) (-2144.000000 512.000000 -32.000000) (-3120.000000 512.000000 -32.000000) 
4 208 218 (-3120.000000 1024.000000 -32.000000) (-3120.000000 512.000000 -32.000000) (-3120.000000 512.000000 0.000000) (-3120.000000 1024.000000 0.000000) 
4 208 210 (-3120.000000 512.000000 -32.000000) (-2144.000000 512.000000 -32.000000) (-2144.000000 512.000000 0.000000) (-3120.000000 512.000000 0.000000) 
4 209 234 (-3120.000000 -384.000000 240.000000) (-3120.000000 -384.000000 176.000000) (-2896.000000 -384.000000 176.000000) (-2896.000000 -384.000000 240.000000) 
4 209 233 (-2896.000000 -384.000000 624.000000) (-3120.000000 -384.000000 624.000000) (-3120.000000 -384.000000 240.000000) (-2896.000000 -384.000000 240.000000) 
4 209 223 (-2144.000000 -384.000000 64.000000) (-2144.000000 -384.000000 176.000000) (-2896.000000 -384.000000 176.000000) (-2896.000000 -384.000000 64.000000) 
4 209 222 (-2144.000000 -384.000000 176.000000) (-2144.000000 -384.000000 624.000000) (-2896.000000 -384.000000 624.000000) (-2896.000000 -384.000000 176.000000) 
4 209 212 (-3120.000000 -384.000000 64.000000) (-3120.000000 -384.000000 240.000000) (-3120.000000 512.000000 352.000000) (-3120.000000 512.000000 64.000000) 
4 209 211 (-3120.000000 -384.000000 240.000000) (-3120.000000 -384.000000 624.000000) (-3120.000000 512.000000 624.000000) (-3120.000000 512.000000 352.000000) 
4 210 252 (-2144.000000 512.000000 -32.000000) (-2144.000000 -384.000000 -32.000000) (-3120.000000 -384.000000 -32.000000) (-3120.000000 512.000000 -32.000000) 
4 210 241 (-3120.000000 -384.000000 -32.000000) (-2896.000000 -384.000000 -32.000000) (-2896.000000 -384.000000 0.000000) (-3120.000000 -384.000000 0.000000) 
4 210 232 (-2896.000000 -384.000000 -32.000000) (-2144.000000 -384.000000 -32.000000) (-2144.000000 -384.000000 0.000000) (-2896.000000 -384.000000 0.000000) 
4 210 218 (-3120.000000 512.000000 -32.000000) (-3120.000000 -384.000000 -32.000000) (-3120.000000 -384.000000 0.000000) (-3120.000000 512.000000 0.000000) 
4 211 233 (-3120.000000 -384.000000 240.000000) (-3120.000000 -384.000000 624.000000) (-3552.000000 -384.000000 624.000000) (-3552.000000 -384.000000 240.000000) 
4 211 213 (-3520.000000 1024.000000 416.000000) (-3168.000000 1024.000000 416.000000) (-3168.000000 -384.000000 240.000000) (-3520.000000 -384.000000 240.000000) 
4 211 212 (-3168.000000 1024.000000 416.000000) (-3120.000000 1024.000000 416.000000) (-3120.000000 -384.000000 240.000000) (-3168.000000 -384.000000 240.000000) 
4 212 235 (-3120.000000 -384.000000 64.000000) (-3120.000000 -384.000000 176.000000) (-3168.000000 -384.000000 176.000000) (-3168.000000 -384.000000 64.000000) 
4 212 234 (-3120.000000 -384.000000 176.000000) (-3120.000000 -384.000000 240.000000) (-3168.000000 -384.000000 240.000000) (-3168.000000 -384.000000 176.000000) 
4 212 215 (-3168.000000 1024.000000 176.000000) (-3168.000000 1024.000000 64.000000) (-3168.000000 880.000000 64.000000) (-3168.000000 880.000000 176.000000) 
4 212 214 (-3168.000000 1024.000000 384.000000) (-3168.000000 1024.000000 176.000000) (-3168.000000 768.000000 176.000000) (-3168.000000 768.000000 352.000000) 
4 212 217 (-3168.000000 768.000000 64.000000) (-3168.000000 -384.000000 64.000000) (-3168.000000 -384.000000 208.000000) (-3168.000000 768.000000 352.000000) 
4 212 213 (-3168.000000 1024.000000 416.000000) (-3168.000000 1024.000000 384.000000) (-3168.000000 -384.000000 208.000000) (-3168.000000 -384.000000 240.000000) 
4 213 239 (-3456.000000 -384.000000 240.000000) (-3520.000000 -384.000000 240.000000) (-3520.000000 -384.000000 208.000000) (-3456.000000 -384.000000 208.000000) 
4 213 234 (-3168.000000 -384.000000 240.000000) (-3456.000000 -384.000000 240.000000) (-3456.000000 -384.000000 208.000000) (-3168.000000 -384.000000 208.000000) 
4 213 214 (-3520.000000 768.000000 352.000000) (-3520.000000 1024.000000 384.000000) (-3168.000000 1024.000000 384.000000) (-3168.000000 768.000000 352.000000) 
4 213 217 (-3168.000000 -384.000000 208.000000) (-3520.000000 -384.000000 208.000000) (-3520.000000 768.000000 352.000000) (-3168.000000 768.000000 352.000000) 
4 214 216 (-3552.000000 768.000000 176.000000) (-3552.000000 880.000000 176.000000) (-3392.000000 880.000000 176.000000) (-3392.000000 768.000000 176.000000) 
4 214 215 (-3552.000000 880.000000 176.000000) (-3552.000000 1024.000000 176.000000) (-3168.000000 1024.000000 176.000000) (-3168.000000 880.000000 176.000000) 
4 214 217 (-3168.000000 768.000000 176.000000) (-3168.000000 768.000000 352.000000) (-3552.000000 768.000000 352.000000) (-3552.000000 768.000000 176.000000) 
4 215 216 (-3552.000000 880.000000 176.000000) (-3552.000000 880.000000 64.000000) (-3392.000000 880.000000 64.000000) (-3392.000000 880.000000 176.000000) 
4 216 217 (-3552.000000 768.000000 64.000000) (-3392.000000 768.000000 64.000000) (-3392.000000 768.000000 176.000000) (-3552.000000 768.000000 176.000000) 
4 217 240 (-3552.000000 -384.000000 208.000000) (-3552.000000 -384.000000 64.000000) (-3456.000000 -384.000000 64.000000) (-3456.000000 -384.000000 208.000000) 
4 217 235 (-3456.000000 -384.000000 64.000000) (-3168.000000 -384.000000 64.000000) (-3168.000000 -384.000000 176.000000) (-3456.000000 -384.000000 176.000000) 
4 217 234 (-3168.000000 -384.000000 176.000000) (-3168.000000 -384.000000 208.000000) (-3456.000000 -384.000000 208.000000) (-3456.000000 -384.000000 176.000000) 
4 218 252 (-3552.000000 1024.000000 -32.000000) (-3120.000000 1024.000000 -32.000000) (-3120.000000 -384.000000 -32.000000) (-3552.000000 -384.000000 -32.000000) 
4 218 241 (-3552.000000 -384.000000 -32.000000) (-3120.000000 -384.000000 -32.000000) (-3120.000000 -384.000000 0.000000) (-3552.000000 -384.000000 0.000000) 
4 218 219 (-3552.000000 1024.000000 0.000000) (-3552.000000 1024.000000 -32.000000) (-3552.000000 -384.000000 -32.000000) (-3552.000000 -384.000000 0.000000) 
4 219 252 (-3648.000000 1024.000000 -32.000000) (-3552.000000 1024.000000 -32.000000) (-3552.000000 -384.000000 -32.000000) (-3648.000000 -384.000000 -32.000000) 
4 219 242 (-3648.000000 -384.000000 -32.000000) (-3552.000000 -384.000000 -32.000000) (-3552.000000 -384.000000 0.000000) (-3648.000000 -384.000000 0.000000) 
4 219 220 (-3648.000000 1024.000000 0.000000) (-3648.000000 1024.000000 -32.000000) (-3648.000000 -384.000000 -32.000000) (-3648.000000 -384.000000 0.000000) 
4 220 252 (-3867.510000 1024.000000 -32.000000) (-3648.000000 1024.000000 -32.000000) (-3648.000000 -384.000000 -32.000000) (-3867.510000 -384.000000 -32.000000) 
4 220 243 (-3867.510000 -384.000000 -32.000000) (-3648.000000 -384.000000 -32.000000) (-3648.000000 -384.000000 624.000000) (-3867.510000 -384.000000 624.000000) 
4 221 254 (-3908.000000 1024.000000 -32.000000) (-3867.510000 1024.000000 -32.000000) (-3867.510000 -384.000000 -32.000000) (-3908.000000 -384.000000 -32.000000) 
4 221 244 (-3908.000000 -384.000000 -32.000000) (-3867.510000 -384.000000 -32.000000) (-3867.510000 -384.000000 624.000000) (-3908.000000 -384.000000 624.000000) 
3 222 234 (-2896.000000 -384.000000 240.000000) (-2896.000000 -384.000000 176.000000) (-2896.000000 -896.000000 176.000000) 
5 222 233 (-2896.000000 -384.000000 624.000000) (-2896.000000 -384.000000 240.000000) (-2896.000000 -896.000000 176.000000) (-2896.000000 -1024.000000 176.000000) (-2896.000000 -1024.000000 624.000000) 
4 222 231 (-2144.000000 -1024.000000 176.000000) (-2896.000000 -1024.000000 176.000000) (-2896.000000 -768.000000 176.000000) (-2144.000000 -768.000000 176.000000) 
4 222 228 (-2432.000000 -640.000000 176.000000) (-2304.000000 -640.000000 176.000000) (-2304.000000 -752.000000 176.000000) (-2432.000000 -752.000000 176.000000) 
4 222 229 (-2896.000000 -752.000000 176.000000) (-2896.000000 -640.000000 176.000000) (-2656.000000 -640.000000 176.000000) (-2656.000000 -752.000000 176.000000) 
4 222 227 (-2896.000000 -640.000000 176.000000) (-2896.000000 -592.000000 176.000000) (-2304.000000 -592.000000 176.000000) (-2304.000000 -640.000000 176.000000) 
4 222 226 (-2896.000000 -592.000000 176.000000) (-2896.000000 -480.000000 176.000000) (-2528.000000 -480.000000 176.000000) (-2528.000000 -592.000000 176.000000) 
4 222 230 (-2896.000000 -768.000000 176.000000) (-2896.000000 -752.000000 176.000000) (-2304.000000 -752.000000 176.000000) (-2304.000000 -768.000000 176.000000) 
4 222 225 (-2256.000000 -768.000000 176.000000) (-2304.000000 -768.000000 176.000000) (-2304.000000 -544.000000 176.000000) (-2256.000000 -544.000000 176.000000) 
4 222 224 (-2304.000000 -480.000000 176.000000) (-2144.000000 -480.000000 176.000000) (-2144.000000 -544.000000 176.000000) (-2304.000000 -544.000000 176.000000) 
4 222 223 (-2896.000000 -480.000000 176.000000) (-2896.000000 -384.000000 176.000000) (-2144.000000 -384.000000 176.000000) (-2144.000000 -480.000000 176.000000) 
4 223 226 (-2528.000000 -480.000000 176.000000) (-2896.000000 -480.000000 176.000000) (-2896.000000 -480.000000 64.000000) (-2528.000000 -480.000000 64.000000) 
4 223 224 (-2144.000000 -480.000000 64.000000) (-2144.000000 -480.000000 176.000000) (-2304.000000 -480.000000 176.000000) (-2304.000000 -480.000000 64.000000) 
4 224 225 (-2304.000000 -544.000000 64.000000) (-2256.000000 -544.000000 64.000000) (-2256.000000 -544.000000 176.000000) (-2304.000000 -544.000000 176.000000) 
4 225 231 (-2256.000000 -768.000000 90.666667) (-2256.000000 -768.000000 176.000000) (-2304.000000 -768.000000 176.000000) (-2304.000000 -768.000000 74.666667) 
4 225 228 (-2304.000000 -640.000000 64.000000) (-2304.000000 -752.000000 64.000000) (-2304.000000 -752.000000 176.000000) (-2304.000000 -640.000000 176.000000) 
4 225 227 (-2304.000000 -592.000000 64.000000) (-2304.000000 -640.000000 64.000000) (-2304.000000 -640.000000 176.000000) (-2304.000000 -592.000000 176.000000) 
4 225 230 (-2304.000000 -752.000000 64.000000) (-2304.000000 -768.000000 64.000000) (-2304.000000 -768.000000 176.000000) (-2304.000000 -752.000000 176.000000) 
4 226 236 (-2896.000000 -496.000000 64.000000) (-2896.000000 -592.000000 64.000000) (-2896.000000 -592.000000 176.000000) (-2896.000000 -496.000000 176.000000) 
4 226 227 (-2896.000000 -592.000000 176.000000) (-2896.000000 -592.000000 64.000000) (-2528.000000 -592.000000 64.000000) (-2528.000000 -592.000000 176.000000) 
4 227 236 (-2896.000000 -592.000000 64.000000) (-2896.000000 -640.000000 64.000000) (-2896.000000 -640.000000 176.000000) (-2896.000000 -592.000000 176.000000) 
4 227 228 (-2304.000000 -640.000000 64.000000) (-2304.000000 -640.000000 176.000000) (-2432.000000 -640.000000 176.000000) (-2432.000000 -640.000000 64.000000) 
4 227 229 (-2656.000000 -640.000000 176.000000) (-2896.000000 -640.000000 176.000000) (-2896.000000 -640.000000 64.000000) (-2656.000000 -640.000000 64.000000) 
4 228 230 (-2304.000000 -752.000000 64.000000) (-2304.000000 -752.000000 176.000000) (-2432.000000 -752.000000 176.000000) (-2432.000000 -752.000000 64.000000) 
4 229 236 (-2896.000000 -640.000000 64.000000) (-2896.000000 -752.000000 64.000000) (-2896.000000 -752.000000 176.000000) (-2896.000000 -640.000000 176.000000) 
4 229 230 (-2656.000000 -752.000000 176.000000) (-2896.000000 -752.000000 176.000000) (-2896.000000 -752.000000 64.000000) (-2656.000000 -752.000000 64.000000) 
4 230 236 (-2896.000000 -752.000000 64.000000) (-2896.000000 -768.000000 64.000000) (-2896.000000 -768.000000 176.000000) (-2896.000000 -752.000000 176.000000) 
5 230 231 (-2896.000000 -768.000000 176.000000) (-2896.000000 -768.000000 64.000000) (-2336.000000 -768.000000 64.000000) (-2304.000000 -768.000000 74.666667) (-2304.000000 -768.000000 176.000000) 
5 231 236 (-2896.000000 -768.000000 64.000000) (-2896.000000 -1024.000000 64.000000) (-2896.000000 -1024.000000 160.000000) (-2896.000000 -896.000000 176.000000) (-2896.000000 -768.000000 176.000000) 
3 231 233 (-2896.000000 -1024.000000 160.000000) (-2896.000000 -1024.000000 176.000000) (-2896.000000 -896.000000 176.000000) 
4 232 252 (-2896.000000 -384.000000 -32.000000) (-2144.000000 -384.000000 -32.000000) (-2144.000000 -1024.000000 -32.000000) (-2896.000000 -1024.000000 -32.000000) 
4 232 246 (-2144.000000 -1024.000000 -32.000000) (-2144.000000 -1024.000000 0.000000) (-2896.000000 -1024.000000 0.000000) (-2896.000000 -1024.000000 -32.000000) 
4 232 241 (-2896.000000 -384.000000 0.000000) (-2896.000000 -384.000000 -32.000000) (-2896.000000 -1024.000000 -32.000000) (-2896.000000 -1024.000000 0.000000) 
4 233 239 (-3520.000000 -384.000000 240.000000) (-3456.000000 -384.000000 240.000000) (-3456.000000 -1024.000000 160.000000) (-3520.000000 -1024.000000 160.000000) 
4 233 238 (-3232.000000 -1024.000000 160.000000) (-3456.000000 -1024.000000 160.000000) (-3456.000000 -896.000000 176.000000) (-3232.000000 -896.000000 176.000000) 
4 233 236 (-2896.000000 -896.000000 176.000000) (-2896.000000 -1024.000000 160.000000) (-3232.000000 -1024.000000 160.000000) (-3232.000000 -896.000000 176.000000) 
4 233 234 (-3456.000000 -384.000000 240.000000) (-2896.000000 -384.000000 240.000000) (-2896.000000 -896.000000 176.000000) (-3456.000000 -896.000000 176.000000) 
4 234 239 (-3456.000000 -384.000000 240.000000) (-3456.000000 -384.000000 208.000000) (-3456.000000 -640.000000 176.000000) (-3456.000000 -896.000000 176.000000) 
3 234 240 (-3456.000000 -384.000000 208.000000) (-3456.000000 -384.000000 176.000000) (-3456.000000 -640.000000 176.000000) 
4 234 237 (-3456.000000 -640.000000 176.000000) (-3456.000000 -496.000000 176.000000) (-3232.000000 -496.000000 176.000000) (-3232.000000 -640.000000 176.000000) 
4 234 238 (-3232.000000 -896.000000 176.000000) (-3456.000000 -896.000000 176.000000) (-3456.000000 -752.000000 176.000000) (-3232.000000 -752.000000 176.000000) 
4 234 236 (-2896.000000 -896.000000 176.000000) (-3232.000000 -896.000000 176.000000) (-3232.000000 -496.000000 176.000000) (-2896.000000 -496.000000 176.000000) 
4 234 235 (-3456.000000 -496.000000 176.000000) (-3456.000000 -384.000000 176.000000) (-3120.000000 -384.000000 176.000000) (-3120.000000 -496.000000 176.000000) 
4 235 240 (-3456.000000 -384.000000 176.000000) (-3456.000000 -384.000000 64.000000) (-3456.000000 -496.000000 64.000000) (-3456.000000 -496.000000 176.000000) 
4 235 237 (-3456.000000 -496.000000 176.000000) (-3456.000000 -496.000000 64.000000) (-3232.000000 -496.000000 64.000000) (-3232.000000 -496.000000 176.000000) 
4 235 236 (-3232.000000 -496.000000 64.000000) (-3120.000000 -496.000000 64.000000) (-3120.000000 -496.000000 176.000000) (-3232.000000 -496.000000 176.000000) 
4 236 237 (-3232.000000 -496.000000 176.000000) (-3232.000000 -496.000000 64.000000) (-3232.000000 -640.000000 64.000000) (-3232.000000 -640.000000 176.000000) 
5 236 238 (-3232.000000 -752.000000 64.000000) (-3232.000000 -1024.000000 64.000000) (-3232.000000 -1024.000000 160.000000) (-3232.000000 -896.000000 176.000000) (-3232.000000 -752.000000 176.000000) 
4 237 240 (-3456.000000 -496.000000 64.000000) (-3456.000000 -640.000000 64.000000) (-3456.000000 -640.000000 176.000000) (-3456.000000 -496.000000 176.000000) 
5 238 239 (-3456.000000 -1024.000000 128.000000) (-3456.000000 -1024.000000 160.000000) (-3456.000000 -896.000000 176.000000) (-3456.000000 -752.000000 176.000000) (-3456.000000 -752.000000 162.000000) 
4 238 240 (-3456.000000 -752.000000 64.000000) (-3456.000000 -1024.000000 64.000000) (-3456.000000 -1024.000000 128.000000) (-3456.000000 -752.000000 162.000000) 
4 239 240 (-3520.000000 -384.000000 208.000000) (-3456.000000 -384.000000 208.000000) (-3456.000000 -1024.000000 128.000000) (-3520.000000 -1024.000000 128.000000) 
4 241 252 (-3552.000000 -384.000000 -32.000000) (-2896.000000 -384.000000 -32.000000) (-2896.000000 -1024.000000 -32.000000) (-3552.000000 -1024.000000 -32.000000) 
4 241 246 (-3552.000000 -1024.000000 0.000000) (-3552.000000 -1024.000000 -32.000000) (-2896.000000 -1024.000000 -32.000000) (-2896.000000 -1024.000000 0.000000) 
4 241 242 (-3552.000000 -384.000000 -32.000000) (-3552.000000 -1024.000000 -32.000000) (-3552.000000 -1024.000000 0.000000) (-3552.000000 -384.000000 0.000000) 
4 242 252 (-3648.000000 -384.000000 -32.000000) (-3552.000000 -384.000000 -32.000000) (-3552.000000 -1024.000000 -32.000000) (-3648.000000 -1024.000000 -32.000000) 
4 242 246 (-3648.000000 -1024.000000 0.000000) (-3648.000000 -1024.000000 -32.000000) (-3552.000000 -1024.000000 -32.000000) (-3552.000000 -1024.000000 0.000000) 
4 242 243 (-3648.000000 -384.000000 -32.000000) (-3648.000000 -1024.000000 -32.000000) (-3648.000000 -1024.000000 0.000000) (-3648.000000 -384.000000 0.000000) 
4 243 252 (-3867.510000 -384.000000 -32.000000) (-3648.000000 -384.000000 -32.000000) (-3648.000000 -1024.000000 -32.000000) (-3867.510000 -1024.000000 -32.000000) 
4 243 245 (-3648.000000 -1024.000000 624.000000) (-3867.510000 -1024.000000 624.000000) (-3867.510000 -1024.000000 0.000000) (-3648.000000 -1024.000000 0.000000) 
4 243 246 (-3867.510000 -1024.000000 0.000000) (-3867.510000 -1024.000000 -32.000000) (-3648.000000 -1024.000000 -32.000000) (-3648.000000 -1024.000000 0.000000) 
4 244 254 (-3908.000000 -384.000000 -32.000000) (-3867.510000 -384.000000 -32.000000) (-3867.510000 -1024.000000 -32.000000) (-3908.000000 -1024.000000 -32.000000) 
4 244 248 (-3867.510000 -1024.000000 624.000000) (-3908.000000 -1024.000000 624.000000) (-3908.000000 -1024.000000 -32.000000) (-3867.510000 -1024.000000 -32.000000) 
4 245 246 (-3867.510000 -1120.000000 0.000000) (-3867.510000 -1024.000000 0.000000) (-3648.000000 -1024.000000 0.000000) (-3648.000000 -1120.000000 0.000000) 
4 245 247 (-3648.000000 -1120.000000 624.000000) (-3867.510000 -1120.000000 624.000000) (-3867.510000 -1120.000000 0.000000) (-3648.000000 -1120.000000 0.000000) 
4 246 252 (-3867.510000 -1024.000000 -32.000000) (-2144.000000 -1024.000000 -32.000000) (-2144.000000 -1120.000000 -32.000000) (-3867.510000 -1120.000000 -32.000000) 
4 246 247 (-3867.510000 -1120.000000 -32.000000) (-2144.000000 -1120.000000 -32.000000) (-2144.000000 -1120.000000 0.000000) (-3867.510000 -1120.000000 0.000000) 
4 247 252 (-2144.000000 -1120.000000 -32.000000) (-2144.000000 -1664.000000 -32.000000) (-3867.510000 -1664.000000 -32.000000) (-3867.510000 -1120.000000 -32.000000) 
4 248 254 (-3908.000000 -1024.000000 -32.000000) (-3867.510000 -1024.000000 -32.000000) (-3867.510000 -1664.000000 -32.000000) (-3908.000000 -1664.000000 -32.000000) 
4 248 249 (-3908.000000 -1664.000000 -32.000000) (-3867.510000 -1664.000000 -32.000000) (-3867.510000 -1664.000000 624.000000) (-3908.000000 -1664.000000 624.000000) 
4 249 253 (-2144.000000 -1664.000000 -32.000000) (-2144.000000 -1696.000000 -32.000000) (-3867.510000 -1696.000000 -32.000000) (-3867.510000 -1664.000000 -32.000000) 
4 249 254 (-3867.510000 -1696.000000 -32.000000) (-3908.000000 -1696.000000 -32.000000) (-3908.000000 -1664.000000 -32.000000) (-3867.510000 -1664.000000 -32.000000) 
4 250 251 (1719.510000 2688.000000 -32.000000) (1719.510000 2688.000000 -1408.000000) (1719.510000 2656.000000 -1408.000000) (1719.510000 2656.000000 -32.000000) 
4 250 253 (1719.510000 -1664.000000 -1408.000000) (1760.000000 -1664.000000 -1408.000000) (1760.000000 -1664.000000 -32.000000) (1719.510000 -1664.000000 -32.000000) 
4 250 255 (1719.510000 2688.000000 -1408.000000) (1760.000000 2688.000000 -1408.000000) (1760.000000 -1664.000000 -1408.000000) (1719.510000 -1664.000000 -1408.000000) 
4 251 254 (-3867.510000 2688.000000 -32.000000) (-3867.510000 2688.000000 -1408.000000) (-3867.510000 2656.000000 -1408.000000) (-3867.510000 2656.000000 -32.000000) 
4 251 255 (-3867.510000 2688.000000 -1408.000000) (1719.510000 2688.000000 -1408.000000) (1719.510000 2656.000000 -1408.000000) (-3867.510000 2656.000000 -1408.000000) 
4 253 254 (-3867.510000 -1664.000000 -1408.000000) (-3867.510000 -1696.000000 -1408.000000) (-3867.510000 -1696.000000 -32.000000) (-3867.510000 -1664.000000 -32.000000) 
4 253 255 (1760.000000 -1664.000000 -1408.000000) (1760.000000 -1696.000000 -1408.000000) (-3867.510000 -1696.000000 -1408.000000) (-3867.510000 -1664.000000 -1408.000000) 
4 254 255 (-3908.000000 -1696.000000 -1408.000000) (-3908.000000 2688.000000 -1408.000000) (-3867.510000 2688.000000 -1408.000000) (-3867.510000 -1696.000000 -1408.000000) 
